Folder Path,Original Name,View Link,Direct Image Link
dress images/VN,39.png,https://drive.google.com/file/d/1fZqJYXWRPIrSSk0-SfCjFI8lcs85PDiL/view?usp=drivesdk,https://drive.google.com/uc?export=view&id=1fZqJYXWRPIrSSk0-SfCjFI8lcs85PDiL
dress images/VN,38.png,https://drive.google.com/file/d/1aAHH-qAn4uLwk4mpu3Gnuxbojn5ORyQP/view?usp=drivesdk,https://drive.google.com/uc?export=view&id=1aAHH-qAn4uLwk4mpu3Gnuxbojn5ORyQP
dress images/VN,40.png,https://drive.google.com/file/d/1fLb5fL4OUQp84gP0yYooWagGhn4jhGWv/view?usp=drivesdk,https://drive.google.com/uc?export=view&id=1fLb5fL4OUQp84gP0yYooWagGhn4jhGWv
dress images/VN,37.png,https://drive.google.com/file/d/1XYTxexHXrw7BNZxe9JPY6GPxRh6MAeDw/view?usp=drivesdk,https://drive.google.com/uc?export=view&id=1XYTxexHXrw7BNZxe9JPY6GPxRh6MAeDw
dress images/VN,28.jpg,https://drive.google.com/file/d/19KzOHx5-wDlOyRBExb3l9vD3CpacSVCO/view?usp=drivesdk,https://drive.google.com/uc?export=view&id=19KzOHx5-wDlOyRBExb3l9vD3CpacSVCO
dress images/VN,30.jpg,https://drive.google.com/file/d/14oFC_pVALb1jUNxO3GPKSz96drlXVCJQ/view?usp=drivesdk,https://drive.google.com/uc?export=view&id=14oFC_pVALb1jUNxO3GPKSz96drlXVCJQ
dress images/VN,29.jpg,https://drive.google.com/file/d/13t5bQJ2OqOuQE81HglPpS9dDHv8D_t7F/view?usp=drivesdk,https://drive.google.com/uc?export=view&id=13t5bQJ2OqOuQE81HglPpS9dDHv8D_t7F
dress images/VN,31.jpg,https://drive.google.com/file/d/1FaSIIpfLHfeA1N1IT5heUhN-c7PMsV4a/view?usp=drivesdk,https://drive.google.com/uc?export=view&id=1FaSIIpfLHfeA1N1IT5heUhN-c7PMsV4a
dress images/VN,03.jpg,https://drive.google.com/file/d/1PCyVL46fGqzMEelhJhmatEGKDce1JK67/view?usp=drivesdk,https://drive.google.com/uc?export=view&id=1PCyVL46fGqzMEelhJhmatEGKDce1JK67
dress images/VN,06.jpg,https://drive.google.com/file/d/1E84LFyqoF8x9XRK7eeNFXPJylibP9FbP/view?usp=drivesdk,https://drive.google.com/uc?export=view&id=1E84LFyqoF8x9XRK7eeNFXPJylibP9FbP
dress images/VN,21.jpg,https://drive.google.com/file/d/1TJj5MIZNxaOCrRoqWcuQ26cP_B01PLKJ/view?usp=drivesdk,https://drive.google.com/uc?export=view&id=1TJj5MIZNxaOCrRoqWcuQ26cP_B01PLKJ
dress images/VN,15.jpg,https://drive.google.com/file/d/12tGCJlMnUkBL0g6uLeZM8hOdeCSwo0Hv/view?usp=drivesdk,https://drive.google.com/uc?export=view&id=12tGCJlMnUkBL0g6uLeZM8hOdeCSwo0Hv
dress images/VN,23.jpg,https://drive.google.com/file/d/1r020DnJsJT_155zr7U7SX0YGhxE2qeZt/view?usp=drivesdk,https://drive.google.com/uc?export=view&id=1r020DnJsJT_155zr7U7SX0YGhxE2qeZt
dress images/VN,26.jpg,https://drive.google.com/file/d/1EfVQj3bLSTQ5puLE6Jj2lUhYSQBGOF_F/view?usp=drivesdk,https://drive.google.com/uc?export=view&id=1EfVQj3bLSTQ5puLE6Jj2lUhYSQBGOF_F
dress images/VN,27.jpg,https://drive.google.com/file/d/1He9MiVXvG_17xgN6HpF2Z4ZT7h-JtsHB/view?usp=drivesdk,https://drive.google.com/uc?export=view&id=1He9MiVXvG_17xgN6HpF2Z4ZT7h-JtsHB
dress images/VN,25.jpg,https://drive.google.com/file/d/1SckVL7W3ayunc8Ptr7n9tOfC42_SBvBZ/view?usp=drivesdk,https://drive.google.com/uc?export=view&id=1SckVL7W3ayunc8Ptr7n9tOfC42_SBvBZ
dress images/VN,09.jpg,https://drive.google.com/file/d/1caiZb1X9EDBgOQNYyROy1r3sekXhVjM8/view?usp=drivesdk,https://drive.google.com/uc?export=view&id=1caiZb1X9EDBgOQNYyROy1r3sekXhVjM8
dress images/VN,13.jpg,https://drive.google.com/file/d/1lE4aVZQasjL2I8Wke75iLZL55GLDLwGI/view?usp=drivesdk,https://drive.google.com/uc?export=view&id=1lE4aVZQasjL2I8Wke75iLZL55GLDLwGI
dress images/VN,12.jpg,https://drive.google.com/file/d/1rGQhFsTu-EZ_yrIxSLFem7LrxdTVNmHL/view?usp=drivesdk,https://drive.google.com/uc?export=view&id=1rGQhFsTu-EZ_yrIxSLFem7LrxdTVNmHL
dress images/VN,05.jpg,https://drive.google.com/file/d/1ydN2gDDEVm2pWkaKiKoe6ylolhOxZuFy/view?usp=drivesdk,https://drive.google.com/uc?export=view&id=1ydN2gDDEVm2pWkaKiKoe6ylolhOxZuFy
dress images/VN,35.jpg,https://drive.google.com/file/d/1-i627XMU-3vlTLDd8UAQJj1qoidkdGUT/view?usp=drivesdk,https://drive.google.com/uc?export=view&id=1-i627XMU-3vlTLDd8UAQJj1qoidkdGUT
dress images/VN,17.png,https://drive.google.com/file/d/1KviIqoHvVdGAgstiegI8OCDF4qV-dL2_/view?usp=drivesdk,https://drive.google.com/uc?export=view&id=1KviIqoHvVdGAgstiegI8OCDF4qV-dL2_
dress images/VN,02.png,https://drive.google.com/file/d/1U9jb0bxuirubq6RIoDs4-JCHdQ7iS2t6/view?usp=drivesdk,https://drive.google.com/uc?export=view&id=1U9jb0bxuirubq6RIoDs4-JCHdQ7iS2t6
dress images/VN,32.png,https://drive.google.com/file/d/1Lc46tovpmlKRvMMzoGtMnAbd9Zs8BpQ7/view?usp=drivesdk,https://drive.google.com/uc?export=view&id=1Lc46tovpmlKRvMMzoGtMnAbd9Zs8BpQ7
dress images/VN,33.png,https://drive.google.com/file/d/1DX_T7Y3sLn-sDRd2ZlyiaYG-a_djovNZ/view?usp=drivesdk,https://drive.google.com/uc?export=view&id=1DX_T7Y3sLn-sDRd2ZlyiaYG-a_djovNZ
dress images/VN,34.png,https://drive.google.com/file/d/1D4oHowuTGI3H_jSIoXf4pQM8Hf37XHOx/view?usp=drivesdk,https://drive.google.com/uc?export=view&id=1D4oHowuTGI3H_jSIoXf4pQM8Hf37XHOx
dress images/VN,24.png,https://drive.google.com/file/d/1jKy9GK91LQwJTbPhNiMK0kz7bvxgkiAK/view?usp=drivesdk,https://drive.google.com/uc?export=view&id=1jKy9GK91LQwJTbPhNiMK0kz7bvxgkiAK
dress images/VN,22.png,https://drive.google.com/file/d/1doC1wKsOjM0G_zSEF2pqdOa7raUTOwdx/view?usp=drivesdk,https://drive.google.com/uc?export=view&id=1doC1wKsOjM0G_zSEF2pqdOa7raUTOwdx
dress images/VN,20.png,https://drive.google.com/file/d/1SG9YluSDz4MCzNT-fOKPLSkoAXeLELEO/view?usp=drivesdk,https://drive.google.com/uc?export=view&id=1SG9YluSDz4MCzNT-fOKPLSkoAXeLELEO
dress images/VN,36.png,https://drive.google.com/file/d/1PRbXu5SYCKfMPkcHMMOfzmJc25hvHeeG/view?usp=drivesdk,https://drive.google.com/uc?export=view&id=1PRbXu5SYCKfMPkcHMMOfzmJc25hvHeeG
dress images/VN,18.png,https://drive.google.com/file/d/11zurFNde3uyJ-KwqazPBr3B6fmvOxlbb/view?usp=drivesdk,https://drive.google.com/uc?export=view&id=11zurFNde3uyJ-KwqazPBr3B6fmvOxlbb
dress images/VN,16.png,https://drive.google.com/file/d/1IKA49EJgLEJQlVvKfhqiC1P7FGESLOw4/view?usp=drivesdk,https://drive.google.com/uc?export=view&id=1IKA49EJgLEJQlVvKfhqiC1P7FGESLOw4
dress images/VN,14.png,https://drive.google.com/file/d/1hf_o6nvxnkkpqXMou6i5VLZyYJoc-sS3/view?usp=drivesdk,https://drive.google.com/uc?export=view&id=1hf_o6nvxnkkpqXMou6i5VLZyYJoc-sS3
dress images/VN,11.png,https://drive.google.com/file/d/1bxI45cyrwTuDxrdEOLxtXY7XI3PQrJWA/view?usp=drivesdk,https://drive.google.com/uc?export=view&id=1bxI45cyrwTuDxrdEOLxtXY7XI3PQrJWA
dress images/VN,10.png,https://drive.google.com/file/d/1_2aVsFajLsWmU9mmiCoVRRqFV-LJ7hIc/view?usp=drivesdk,https://drive.google.com/uc?export=view&id=1_2aVsFajLsWmU9mmiCoVRRqFV-LJ7hIc
dress images/VN,08.png,https://drive.google.com/file/d/1II2bdQos0y0OcPK39UemFC4APRQit2nD/view?usp=drivesdk,https://drive.google.com/uc?export=view&id=1II2bdQos0y0OcPK39UemFC4APRQit2nD
dress images/VN,07.png,https://drive.google.com/file/d/1pF2WfLSQM-61oCOu2DJ1vQD7NnfyYlBO/view?usp=drivesdk,https://drive.google.com/uc?export=view&id=1pF2WfLSQM-61oCOu2DJ1vQD7NnfyYlBO
dress images/VN,19.png,https://drive.google.com/file/d/1WZjQcQ276fgGTxY_UL4xCmQ1EOVQ16_o/view?usp=drivesdk,https://drive.google.com/uc?export=view&id=1WZjQcQ276fgGTxY_UL4xCmQ1EOVQ16_o
dress images/HN,01.jpg,https://drive.google.com/file/d/1-MqnXA-gjjbbzjbZHJuL1PjRAfHprg2w/view?usp=drivesdk,https://drive.google.com/uc?export=view&id=1-MqnXA-gjjbbzjbZHJuL1PjRAfHprg2w
dress images/HN,08.jpg,https://drive.google.com/file/d/1K0honqxT-Pn4PJwvwm6-1ouRDE7OJI10/view?usp=drivesdk,https://drive.google.com/uc?export=view&id=1K0honqxT-Pn4PJwvwm6-1ouRDE7OJI10
dress images/HN,04.jpg,https://drive.google.com/file/d/1MDMn16ddtkq06uUF2TDcX68zWzK_bvkg/view?usp=drivesdk,https://drive.google.com/uc?export=view&id=1MDMn16ddtkq06uUF2TDcX68zWzK_bvkg
dress images/HN,16.jpg,https://drive.google.com/file/d/1Psd6CWPY2DFvvs1F3yAqsblm2mOtjhjE/view?usp=drivesdk,https://drive.google.com/uc?export=view&id=1Psd6CWPY2DFvvs1F3yAqsblm2mOtjhjE
dress images/HN,05.jpg,https://drive.google.com/file/d/1cWVJJcIcDQMZubND9AIM0iluuo-pWnYV/view?usp=drivesdk,https://drive.google.com/uc?export=view&id=1cWVJJcIcDQMZubND9AIM0iluuo-pWnYV
dress images/HN,14.jpg,https://drive.google.com/file/d/1kKe9io8zJM8C2kCXvOHyVt3shK7DLvfg/view?usp=drivesdk,https://drive.google.com/uc?export=view&id=1kKe9io8zJM8C2kCXvOHyVt3shK7DLvfg
dress images/HN,19.png,https://drive.google.com/file/d/1vyToFua531Ody5vvTOpK6KFs1oEfJtHj/view?usp=drivesdk,https://drive.google.com/uc?export=view&id=1vyToFua531Ody5vvTOpK6KFs1oEfJtHj
dress images/HN,18.png,https://drive.google.com/file/d/1BKy5SWPQeZjW3UmhYTP_nZ7pSOr5BBOz/view?usp=drivesdk,https://drive.google.com/uc?export=view&id=1BKy5SWPQeZjW3UmhYTP_nZ7pSOr5BBOz
dress images/HN,17.png,https://drive.google.com/file/d/1VXNargUZeMKqtfQ2mDWnIo-WaWiYNBn4/view?usp=drivesdk,https://drive.google.com/uc?export=view&id=1VXNargUZeMKqtfQ2mDWnIo-WaWiYNBn4
dress images/HN,20.png,https://drive.google.com/file/d/1e-hQ9o5HLRM7_4aekB354f8CLVe22-87/view?usp=drivesdk,https://drive.google.com/uc?export=view&id=1e-hQ9o5HLRM7_4aekB354f8CLVe22-87
dress images/HN,13.png,https://drive.google.com/file/d/1gHGnfHydREv_JpGH6mR248MTCfNmu2-U/view?usp=drivesdk,https://drive.google.com/uc?export=view&id=1gHGnfHydREv_JpGH6mR248MTCfNmu2-U
dress images/HN,12.png,https://drive.google.com/file/d/1MO-_AgvVD_8EN6z1SLLUaotrOZQ015ZS/view?usp=drivesdk,https://drive.google.com/uc?export=view&id=1MO-_AgvVD_8EN6z1SLLUaotrOZQ015ZS
dress images/HN,11.png,https://drive.google.com/file/d/1u2Ig5EdSQTsjAEjlGD1vqz4zqRbWAOW7/view?usp=drivesdk,https://drive.google.com/uc?export=view&id=1u2Ig5EdSQTsjAEjlGD1vqz4zqRbWAOW7
dress images/HN,10.png,https://drive.google.com/file/d/1zhe9EJsrfk-C4Svzahv0jxWZOg9g6gNS/view?usp=drivesdk,https://drive.google.com/uc?export=view&id=1zhe9EJsrfk-C4Svzahv0jxWZOg9g6gNS
dress images/HN,09.png,https://drive.google.com/file/d/1sVNjzAmPyFbRr6Vebh2RvvfyiUohI4As/view?usp=drivesdk,https://drive.google.com/uc?export=view&id=1sVNjzAmPyFbRr6Vebh2RvvfyiUohI4As
dress images/HN,07.png,https://drive.google.com/file/d/1qB2CflAvlpRMpvb2j2T8bptABB_XZB2a/view?usp=drivesdk,https://drive.google.com/uc?export=view&id=1qB2CflAvlpRMpvb2j2T8bptABB_XZB2a
dress images/HN,06.png,https://drive.google.com/file/d/1RvftJkr3-m67gM-r97MlW3Os2rsLwan_/view?usp=drivesdk,https://drive.google.com/uc?export=view&id=1RvftJkr3-m67gM-r97MlW3Os2rsLwan_
dress images/HN,03.png,https://drive.google.com/file/d/15KrQxbKdEGZZrDDsTSYRwgC-u5L9ZSH1/view?usp=drivesdk,https://drive.google.com/uc?export=view&id=15KrQxbKdEGZZrDDsTSYRwgC-u5L9ZSH1
dress images/HN,02.png,https://drive.google.com/file/d/1oztByQ7g_kmSbABpXljh1Gnyi0Nmxz4J/view?usp=drivesdk,https://drive.google.com/uc?export=view&id=1oztByQ7g_kmSbABpXljh1Gnyi0Nmxz4J
dress images/HN,15.png,https://drive.google.com/file/d/1tcYpVuvP79H1ANyJq7r-ua4pY4A0UzlZ/view?usp=drivesdk,https://drive.google.com/uc?export=view&id=1tcYpVuvP79H1ANyJq7r-ua4pY4A0UzlZ
dress images/AL,22.jpg,https://drive.google.com/file/d/1KswuU3gpZsJAa3PulfSYTqPqRpexN25_/view?usp=drivesdk,https://drive.google.com/uc?export=view&id=1KswuU3gpZsJAa3PulfSYTqPqRpexN25_
dress images/AL,21.jpg,https://drive.google.com/file/d/1WTh3eSoSQ___AV4Bdutu83fsqN07ZptJ/view?usp=drivesdk,https://drive.google.com/uc?export=view&id=1WTh3eSoSQ___AV4Bdutu83fsqN07ZptJ
dress images/AL,20.png,https://drive.google.com/file/d/1GZ4LG_KfgQ2JYwIBM6wIphZobF3lkNG1/view?usp=drivesdk,https://drive.google.com/uc?export=view&id=1GZ4LG_KfgQ2JYwIBM6wIphZobF3lkNG1
dress images/AL,03.jpg,https://drive.google.com/file/d/1HQ1JbrS_7EJbxZx2tUaSQLiabji3Zeos/view?usp=drivesdk,https://drive.google.com/uc?export=view&id=1HQ1JbrS_7EJbxZx2tUaSQLiabji3Zeos
dress images/AL,06.jpg,https://drive.google.com/file/d/1fVWaOtaA7gEv_W_gb4GEqq6T-Gysi2w2/view?usp=drivesdk,https://drive.google.com/uc?export=view&id=1fVWaOtaA7gEv_W_gb4GEqq6T-Gysi2w2
dress images/AL,08.jpg,https://drive.google.com/file/d/1N3hk_v4DsA-BpmCr_cWKn74hbty98_l3/view?usp=drivesdk,https://drive.google.com/uc?export=view&id=1N3hk_v4DsA-BpmCr_cWKn74hbty98_l3
dress images/AL,09.jpg,https://drive.google.com/file/d/1Qcv0m4ShydF9cui7HOxngraoRkZBOFsB/view?usp=drivesdk,https://drive.google.com/uc?export=view&id=1Qcv0m4ShydF9cui7HOxngraoRkZBOFsB
dress images/AL,10.jpg,https://drive.google.com/file/d/1JjUuseVeDJnubhQflqSblX2WCwoS8FgK/view?usp=drivesdk,https://drive.google.com/uc?export=view&id=1JjUuseVeDJnubhQflqSblX2WCwoS8FgK
dress images/AL,07.jpg,https://drive.google.com/file/d/1KpnEJwt_Y8zDSgbFw9xRmAGFPsmm8_5T/view?usp=drivesdk,https://drive.google.com/uc?export=view&id=1KpnEJwt_Y8zDSgbFw9xRmAGFPsmm8_5T
dress images/AL,05.jpg,https://drive.google.com/file/d/1Ia6cbPa7gWbzBwsxoVWkdFiOxrWyvLmU/view?usp=drivesdk,https://drive.google.com/uc?export=view&id=1Ia6cbPa7gWbzBwsxoVWkdFiOxrWyvLmU
dress images/AL,04.jpg,https://drive.google.com/file/d/1AKLcSSiWUxTnUBl85A1ag9FkBrzTtu_y/view?usp=drivesdk,https://drive.google.com/uc?export=view&id=1AKLcSSiWUxTnUBl85A1ag9FkBrzTtu_y
dress images/AL,02.jpg,https://drive.google.com/file/d/1Kehr9zadOmpPqe6tWVqx05suMhVx0HTH/view?usp=drivesdk,https://drive.google.com/uc?export=view&id=1Kehr9zadOmpPqe6tWVqx05suMhVx0HTH
dress images/AL,01.jpg,https://drive.google.com/file/d/1NiYXZfvMD_x_BA8lxWImlZBc7YP86WoU/view?usp=drivesdk,https://drive.google.com/uc?export=view&id=1NiYXZfvMD_x_BA8lxWImlZBc7YP86WoU
dress images/AL,11.jpg,https://drive.google.com/file/d/1FNUMpaqXLa9p0GmvKi5PDOaLf9fXiQig/view?usp=drivesdk,https://drive.google.com/uc?export=view&id=1FNUMpaqXLa9p0GmvKi5PDOaLf9fXiQig
dress images/AL,13.png,https://drive.google.com/file/d/1ILoSY-ZA0f6drDERNsKELsM_x1pbUp7D/view?usp=drivesdk,https://drive.google.com/uc?export=view&id=1ILoSY-ZA0f6drDERNsKELsM_x1pbUp7D
dress images/AL,16.png,https://drive.google.com/file/d/1jO3ubVTGL6coLHDy92bcd6TfT5OAxtgr/view?usp=drivesdk,https://drive.google.com/uc?export=view&id=1jO3ubVTGL6coLHDy92bcd6TfT5OAxtgr
dress images/AL,12.png,https://drive.google.com/file/d/1UX2ckl-k5srk6qcy_srXhAZ6GsMyYk_o/view?usp=drivesdk,https://drive.google.com/uc?export=view&id=1UX2ckl-k5srk6qcy_srXhAZ6GsMyYk_o
dress images/AL,14.png,https://drive.google.com/file/d/1OBpuKyQ0-Z5l5m0kaaT9xpoi2rdW8lJH/view?usp=drivesdk,https://drive.google.com/uc?export=view&id=1OBpuKyQ0-Z5l5m0kaaT9xpoi2rdW8lJH
dress images/AL,15.png,https://drive.google.com/file/d/1v4aDb3ponp40mUNSB4LvHE1jLAQWOp28/view?usp=drivesdk,https://drive.google.com/uc?export=view&id=1v4aDb3ponp40mUNSB4LvHE1jLAQWOp28
dress images/AL,17.png,https://drive.google.com/file/d/1dazstnROHhAIiNKDXh6UTyC2aO5grfyi/view?usp=drivesdk,https://drive.google.com/uc?export=view&id=1dazstnROHhAIiNKDXh6UTyC2aO5grfyi
dress images/AL,19.png,https://drive.google.com/file/d/1ADMmfd72TM2aN2TilcMTo9qKNIFJ4nEa/view?usp=drivesdk,https://drive.google.com/uc?export=view&id=1ADMmfd72TM2aN2TilcMTo9qKNIFJ4nEa
dress images/AL,18.png,https://drive.google.com/file/d/1Xn0oYV4mGmsW35w-vTK57eRnbKDXEIwG/view?usp=drivesdk,https://drive.google.com/uc?export=view&id=1Xn0oYV4mGmsW35w-vTK57eRnbKDXEIwG
dress images/VD,85.png,https://drive.google.com/file/d/1oJZJPsZz5E9UzTOLyjbGM1VndoMs5ebj/view?usp=drivesdk,https://drive.google.com/uc?export=view&id=1oJZJPsZz5E9UzTOLyjbGM1VndoMs5ebj
dress images/VD,86.png,https://drive.google.com/file/d/1raxwEY_dg5B9NqM7n8huHR7yYBYPzAZk/view?usp=drivesdk,https://drive.google.com/uc?export=view&id=1raxwEY_dg5B9NqM7n8huHR7yYBYPzAZk
dress images/VD,08.jpg,https://drive.google.com/file/d/1aI60aycvsgl4wSIJ6lzqn5vTNLEZY5gE/view?usp=drivesdk,https://drive.google.com/uc?export=view&id=1aI60aycvsgl4wSIJ6lzqn5vTNLEZY5gE
dress images/VD,09.jpg,https://drive.google.com/file/d/12IHle19VePzHQk8gzS9gqCk-gS_WNF4-/view?usp=drivesdk,https://drive.google.com/uc?export=view&id=12IHle19VePzHQk8gzS9gqCk-gS_WNF4-
dress images/VD,06.jpg,https://drive.google.com/file/d/1chsO_VP2Xbk6-9IuLiJiFikCZNjH2cq8/view?usp=drivesdk,https://drive.google.com/uc?export=view&id=1chsO_VP2Xbk6-9IuLiJiFikCZNjH2cq8
dress images/VD,04.jpg,https://drive.google.com/file/d/1EA_dgp1TTF9VX2tmw1lqYqeA0mNgP9Sb/view?usp=drivesdk,https://drive.google.com/uc?export=view&id=1EA_dgp1TTF9VX2tmw1lqYqeA0mNgP9Sb
dress images/VD,07.jpg,https://drive.google.com/file/d/1rrMjcHGrlP89P-zj53SdYXCB7AUBC9GF/view?usp=drivesdk,https://drive.google.com/uc?export=view&id=1rrMjcHGrlP89P-zj53SdYXCB7AUBC9GF
dress images/VD,14.jpg,https://drive.google.com/file/d/1OXOuYlxCYks-MMb1SSS_frU5ZsqxsrlK/view?usp=drivesdk,https://drive.google.com/uc?export=view&id=1OXOuYlxCYks-MMb1SSS_frU5ZsqxsrlK
dress images/VD,15.jpg,https://drive.google.com/file/d/19wIjcpFdH7Q1UYo-Y5iI-zooRfRMDou5/view?usp=drivesdk,https://drive.google.com/uc?export=view&id=19wIjcpFdH7Q1UYo-Y5iI-zooRfRMDou5
dress images/VD,30.jpg,https://drive.google.com/file/d/1vO0-W9L7LQ6MwSyKx_K9hKayB1Y57I7E/view?usp=drivesdk,https://drive.google.com/uc?export=view&id=1vO0-W9L7LQ6MwSyKx_K9hKayB1Y57I7E
dress images/VD,21.jpg,https://drive.google.com/file/d/1uODIBtnHHy5TbBgWZId_wNll7p76bOB9/view?usp=drivesdk,https://drive.google.com/uc?export=view&id=1uODIBtnHHy5TbBgWZId_wNll7p76bOB9
dress images/VD,24.jpg,https://drive.google.com/file/d/17ZYukHSTkBYjymq270Q-60niQBllDok7/view?usp=drivesdk,https://drive.google.com/uc?export=view&id=17ZYukHSTkBYjymq270Q-60niQBllDok7
dress images/VD,34.jpg,https://drive.google.com/file/d/1Wsh4kN3dJvUGtXTPBXuk9kXj3bgDPqpz/view?usp=drivesdk,https://drive.google.com/uc?export=view&id=1Wsh4kN3dJvUGtXTPBXuk9kXj3bgDPqpz
dress images/VD,33.jpg,https://drive.google.com/file/d/1624D5mUqCBZ8sMysmUB5U1kdta1kopNa/view?usp=drivesdk,https://drive.google.com/uc?export=view&id=1624D5mUqCBZ8sMysmUB5U1kdta1kopNa
dress images/VD,35.jpg,https://drive.google.com/file/d/1RR92wh5I29Rfbo1oyWtJCfeY2eCRyqr8/view?usp=drivesdk,https://drive.google.com/uc?export=view&id=1RR92wh5I29Rfbo1oyWtJCfeY2eCRyqr8
dress images/VD,38.jpg,https://drive.google.com/file/d/16Q2AiRjC3MEtx2skgbaTGk15p_nLvs0L/view?usp=drivesdk,https://drive.google.com/uc?export=view&id=16Q2AiRjC3MEtx2skgbaTGk15p_nLvs0L
dress images/VD,41.jpg,https://drive.google.com/file/d/1RmoqMIUnOYASmrHDOJUgqLqjPR4y-uXy/view?usp=drivesdk,https://drive.google.com/uc?export=view&id=1RmoqMIUnOYASmrHDOJUgqLqjPR4y-uXy
dress images/VD,49.jpg,https://drive.google.com/file/d/1Eto-gEAM1grl2E_meklFdpewwlYyYUdp/view?usp=drivesdk,https://drive.google.com/uc?export=view&id=1Eto-gEAM1grl2E_meklFdpewwlYyYUdp
dress images/VD,63.jpg,https://drive.google.com/file/d/1DkUxgrzovP8yddrtB1sxR8zFqXQB1J3h/view?usp=drivesdk,https://drive.google.com/uc?export=view&id=1DkUxgrzovP8yddrtB1sxR8zFqXQB1J3h
dress images/VD,77.jpg,https://drive.google.com/file/d/1cFlOL6CSzXTZjCPvoYiSWAOB2WMCrm7D/view?usp=drivesdk,https://drive.google.com/uc?export=view&id=1cFlOL6CSzXTZjCPvoYiSWAOB2WMCrm7D
dress images/VD,83.jpg,https://drive.google.com/file/d/1GNMCcBs1n4F9GKTcF3Rkzq1PTm2QPEH-/view?usp=drivesdk,https://drive.google.com/uc?export=view&id=1GNMCcBs1n4F9GKTcF3Rkzq1PTm2QPEH-
dress images/VD,82.jpg,https://drive.google.com/file/d/1GKT6iRd-kqncjDgN6q_pKMv-hyjp_gxh/view?usp=drivesdk,https://drive.google.com/uc?export=view&id=1GKT6iRd-kqncjDgN6q_pKMv-hyjp_gxh
dress images/VD,81.jpg,https://drive.google.com/file/d/10gK92lAx6P5QNi6PWS-24ZBgwVxHphOC/view?usp=drivesdk,https://drive.google.com/uc?export=view&id=10gK92lAx6P5QNi6PWS-24ZBgwVxHphOC
dress images/VD,79.jpg,https://drive.google.com/file/d/1q0wVOCLm8QLyR3xLv5f9eZvrVP6vDzf7/view?usp=drivesdk,https://drive.google.com/uc?export=view&id=1q0wVOCLm8QLyR3xLv5f9eZvrVP6vDzf7
dress images/VD,80.jpg,https://drive.google.com/file/d/1p2Pkvw_jRDzVz6LP942bw69EP-0S61yF/view?usp=drivesdk,https://drive.google.com/uc?export=view&id=1p2Pkvw_jRDzVz6LP942bw69EP-0S61yF
dress images/VD,78.jpg,https://drive.google.com/file/d/14TGBkg1GqYqhnE1uhTlO459t9M8IBnpy/view?usp=drivesdk,https://drive.google.com/uc?export=view&id=14TGBkg1GqYqhnE1uhTlO459t9M8IBnpy
dress images/VD,76.jpg,https://drive.google.com/file/d/1cwHY2Epc45TXv85o0RnmAlq49LL9Iytk/view?usp=drivesdk,https://drive.google.com/uc?export=view&id=1cwHY2Epc45TXv85o0RnmAlq49LL9Iytk
dress images/VD,74.jpg,https://drive.google.com/file/d/1AqxBTrI1r04yv3g-2UJULhOq2-qHp1Ti/view?usp=drivesdk,https://drive.google.com/uc?export=view&id=1AqxBTrI1r04yv3g-2UJULhOq2-qHp1Ti
dress images/VD,72.jpg,https://drive.google.com/file/d/1NGkBfZJLk3cABxbwVlgedxu2SqI0Eo4P/view?usp=drivesdk,https://drive.google.com/uc?export=view&id=1NGkBfZJLk3cABxbwVlgedxu2SqI0Eo4P
dress images/VD,73.jpg,https://drive.google.com/file/d/1X8psQ_liG16AQqGMBiNuObXlqnBagg4e/view?usp=drivesdk,https://drive.google.com/uc?export=view&id=1X8psQ_liG16AQqGMBiNuObXlqnBagg4e
dress images/VD,47.jpg,https://drive.google.com/file/d/1rR2PYw5BnEjGzrkPrNZzpOy0AySMS41I/view?usp=drivesdk,https://drive.google.com/uc?export=view&id=1rR2PYw5BnEjGzrkPrNZzpOy0AySMS41I
dress images/VD,45.jpg,https://drive.google.com/file/d/1-7visJ-3RYUIIDgaH2TIFoBq2N9XJuVn/view?usp=drivesdk,https://drive.google.com/uc?export=view&id=1-7visJ-3RYUIIDgaH2TIFoBq2N9XJuVn
dress images/VD,71.jpg,https://drive.google.com/file/d/16TynBJ4-_kHeHv6sPEywIVoD-c-loGnI/view?usp=drivesdk,https://drive.google.com/uc?export=view&id=16TynBJ4-_kHeHv6sPEywIVoD-c-loGnI
dress images/VD,69.jpg,https://drive.google.com/file/d/1hPMw6Qlb0nuFt4ECFhmEqG0qyIszRSav/view?usp=drivesdk,https://drive.google.com/uc?export=view&id=1hPMw6Qlb0nuFt4ECFhmEqG0qyIszRSav
dress images/VD,68.jpg,https://drive.google.com/file/d/1T4I4oGM83MGM6NfeMhAh6NxCn8nHa6Qi/view?usp=drivesdk,https://drive.google.com/uc?export=view&id=1T4I4oGM83MGM6NfeMhAh6NxCn8nHa6Qi
dress images/VD,67.jpg,https://drive.google.com/file/d/1dgUSaT1PqxA4_ld9K4dN02RiMlZd8pAw/view?usp=drivesdk,https://drive.google.com/uc?export=view&id=1dgUSaT1PqxA4_ld9K4dN02RiMlZd8pAw
dress images/VD,66.jpg,https://drive.google.com/file/d/1V6xnPdx_UNwFE2WrL_zX3jsInOAAwDGo/view?usp=drivesdk,https://drive.google.com/uc?export=view&id=1V6xnPdx_UNwFE2WrL_zX3jsInOAAwDGo
dress images/VD,64.jpg,https://drive.google.com/file/d/18piuSob1Q74P-HYcM601ejc0z2qKYh9M/view?usp=drivesdk,https://drive.google.com/uc?export=view&id=18piuSob1Q74P-HYcM601ejc0z2qKYh9M
dress images/VD,60.jpg,https://drive.google.com/file/d/1-LJvT8KqsRy1hRLjDEQPeo3TBLzYvubL/view?usp=drivesdk,https://drive.google.com/uc?export=view&id=1-LJvT8KqsRy1hRLjDEQPeo3TBLzYvubL
dress images/VD,58.jpg,https://drive.google.com/file/d/1aphpcKVN5sANYrTkYWj9nsPD_vBtZaEd/view?usp=drivesdk,https://drive.google.com/uc?export=view&id=1aphpcKVN5sANYrTkYWj9nsPD_vBtZaEd
dress images/VD,51.jpg,https://drive.google.com/file/d/1-WG6bGyHLLGWg-OCkUS6RsyCcOFAlZh_/view?usp=drivesdk,https://drive.google.com/uc?export=view&id=1-WG6bGyHLLGWg-OCkUS6RsyCcOFAlZh_
dress images/VD,84.jpg,https://drive.google.com/file/d/1_CAJ1na4uJjqolSoVh01m6QGMFcSBJEn/view?usp=drivesdk,https://drive.google.com/uc?export=view&id=1_CAJ1na4uJjqolSoVh01m6QGMFcSBJEn
dress images/VD,55.jpg,https://drive.google.com/file/d/1aCT4bg-eBRok8YtzRbJOIrnVqfdKNCxz/view?usp=drivesdk,https://drive.google.com/uc?export=view&id=1aCT4bg-eBRok8YtzRbJOIrnVqfdKNCxz
dress images/VD,52.jpg,https://drive.google.com/file/d/19q9FLxgpCWxZRilfPpRM-8I7Tkic-olB/view?usp=drivesdk,https://drive.google.com/uc?export=view&id=19q9FLxgpCWxZRilfPpRM-8I7Tkic-olB
dress images/VD,75.jpg,https://drive.google.com/file/d/1ZX5pKVOMTCgvxbH0pj9Cb_HDetptxQMY/view?usp=drivesdk,https://drive.google.com/uc?export=view&id=1ZX5pKVOMTCgvxbH0pj9Cb_HDetptxQMY
dress images/VD,54.jpg,https://drive.google.com/file/d/1qh99P8XO52tr9VACHEoGxDNBhD4s0sgc/view?usp=drivesdk,https://drive.google.com/uc?export=view&id=1qh99P8XO52tr9VACHEoGxDNBhD4s0sgc
dress images/VD,44.jpg,https://drive.google.com/file/d/1daP2yuoUUSY5VaQ1CQLRNU-245_vwZet/view?usp=drivesdk,https://drive.google.com/uc?export=view&id=1daP2yuoUUSY5VaQ1CQLRNU-245_vwZet
dress images/VD,42.jpg,https://drive.google.com/file/d/1BoQES0hFAgE0NuvtKhRJ81ftNPS3dxjY/view?usp=drivesdk,https://drive.google.com/uc?export=view&id=1BoQES0hFAgE0NuvtKhRJ81ftNPS3dxjY
dress images/VD,43.jpg,https://drive.google.com/file/d/1pkR2wy-QwMVcIO_YR8g5aZ3SkytXJCvB/view?usp=drivesdk,https://drive.google.com/uc?export=view&id=1pkR2wy-QwMVcIO_YR8g5aZ3SkytXJCvB
dress images/VD,39.jpg,https://drive.google.com/file/d/1rcSbdZgqB7kfoWDyirK4LZy6aKSqBcLt/view?usp=drivesdk,https://drive.google.com/uc?export=view&id=1rcSbdZgqB7kfoWDyirK4LZy6aKSqBcLt
dress images/VD,40.jpg,https://drive.google.com/file/d/1mwehVCSOrqovpkAjROUnToI-n76Y6eLJ/view?usp=drivesdk,https://drive.google.com/uc?export=view&id=1mwehVCSOrqovpkAjROUnToI-n76Y6eLJ
dress images/VD,37.jpg,https://drive.google.com/file/d/1qkArKV9dvIDiaFwwS5Am5kSgZPFJS_UD/view?usp=drivesdk,https://drive.google.com/uc?export=view&id=1qkArKV9dvIDiaFwwS5Am5kSgZPFJS_UD
dress images/VD,32.jpg,https://drive.google.com/file/d/16KYq6w40bvbqT_5gBk5Jp-MfPGLLzbpZ/view?usp=drivesdk,https://drive.google.com/uc?export=view&id=16KYq6w40bvbqT_5gBk5Jp-MfPGLLzbpZ
dress images/VD,31.jpg,https://drive.google.com/file/d/1RRqeOOh4VXTL2K9Oz5xIWwQYaQ_CYvGR/view?usp=drivesdk,https://drive.google.com/uc?export=view&id=1RRqeOOh4VXTL2K9Oz5xIWwQYaQ_CYvGR
dress images/VD,28.jpg,https://drive.google.com/file/d/17TNutHTsftRLdAm5fqNNnZetmeevJ5xj/view?usp=drivesdk,https://drive.google.com/uc?export=view&id=17TNutHTsftRLdAm5fqNNnZetmeevJ5xj
dress images/VD,27.jpg,https://drive.google.com/file/d/1F0NtjRhIPO8059iISLP1_siyNKKpNsNY/view?usp=drivesdk,https://drive.google.com/uc?export=view&id=1F0NtjRhIPO8059iISLP1_siyNKKpNsNY
dress images/VD,26.jpg,https://drive.google.com/file/d/1kvvjZ1qkO98lkUyaiR14tSKtYT_4eU6N/view?usp=drivesdk,https://drive.google.com/uc?export=view&id=1kvvjZ1qkO98lkUyaiR14tSKtYT_4eU6N
dress images/VD,25.jpg,https://drive.google.com/file/d/1o8GoeZq86oSu720Rx8fV55LqiCFmHlD4/view?usp=drivesdk,https://drive.google.com/uc?export=view&id=1o8GoeZq86oSu720Rx8fV55LqiCFmHlD4
dress images/VD,23.jpg,https://drive.google.com/file/d/1mK8JZ7JCOR_92ikFm8YNesmeqYeeI1eh/view?usp=drivesdk,https://drive.google.com/uc?export=view&id=1mK8JZ7JCOR_92ikFm8YNesmeqYeeI1eh
dress images/VD,22.jpg,https://drive.google.com/file/d/1PPmgIE5f5JXo7tFOAuWt7VLVP_V1lhzX/view?usp=drivesdk,https://drive.google.com/uc?export=view&id=1PPmgIE5f5JXo7tFOAuWt7VLVP_V1lhzX
dress images/VD,20.jpg,https://drive.google.com/file/d/1G-fFetLbvXHpMDx8gvov_zhRA8bnFevJ/view?usp=drivesdk,https://drive.google.com/uc?export=view&id=1G-fFetLbvXHpMDx8gvov_zhRA8bnFevJ
dress images/VD,19.jpg,https://drive.google.com/file/d/1-bJAKmO-9_rpWsD6HRgRphmMSftUPRZF/view?usp=drivesdk,https://drive.google.com/uc?export=view&id=1-bJAKmO-9_rpWsD6HRgRphmMSftUPRZF
dress images/VD,18.jpg,https://drive.google.com/file/d/1AAYGaaxjjkhp-nSNI9CtRhJKLWaytFJ6/view?usp=drivesdk,https://drive.google.com/uc?export=view&id=1AAYGaaxjjkhp-nSNI9CtRhJKLWaytFJ6
dress images/VD,17.jpg,https://drive.google.com/file/d/1ToOWI56fdM5_UFjowi4mjfsXew2e0l88/view?usp=drivesdk,https://drive.google.com/uc?export=view&id=1ToOWI56fdM5_UFjowi4mjfsXew2e0l88
dress images/VD,16.jpg,https://drive.google.com/file/d/1GvH_ea22LKU00wBngIbx0eShWpFKCReB/view?usp=drivesdk,https://drive.google.com/uc?export=view&id=1GvH_ea22LKU00wBngIbx0eShWpFKCReB
dress images/VD,13.jpg,https://drive.google.com/file/d/1Vw3T61Xkxd1afJmm2QeF7Mueyo2QtqV1/view?usp=drivesdk,https://drive.google.com/uc?export=view&id=1Vw3T61Xkxd1afJmm2QeF7Mueyo2QtqV1
dress images/VD,12.jpg,https://drive.google.com/file/d/1oDepcTbjummvzjXUw7mcTqKX8wtB2BkJ/view?usp=drivesdk,https://drive.google.com/uc?export=view&id=1oDepcTbjummvzjXUw7mcTqKX8wtB2BkJ
dress images/VD,11.jpg,https://drive.google.com/file/d/1zX9_PSqwndrAGksvVQFx0efNrbKSZGd1/view?usp=drivesdk,https://drive.google.com/uc?export=view&id=1zX9_PSqwndrAGksvVQFx0efNrbKSZGd1
dress images/VD,10.jpg,https://drive.google.com/file/d/11bpUiDrOFrQs7EbBBMJR0c4TCuVltKPV/view?usp=drivesdk,https://drive.google.com/uc?export=view&id=11bpUiDrOFrQs7EbBBMJR0c4TCuVltKPV
dress images/VD,05.jpg,https://drive.google.com/file/d/1FVGEhS8ySX0b_G9My0qkEywdo24Y_aw0/view?usp=drivesdk,https://drive.google.com/uc?export=view&id=1FVGEhS8ySX0b_G9My0qkEywdo24Y_aw0
dress images/VD,03.jpg,https://drive.google.com/file/d/1lAdg1hrs4Yh-PsVknqvDLmtDDbu9RaS4/view?usp=drivesdk,https://drive.google.com/uc?export=view&id=1lAdg1hrs4Yh-PsVknqvDLmtDDbu9RaS4
dress images/VD,02.jpg,https://drive.google.com/file/d/12EF2DP2HagtwNRMePyseSQJlI-33pbg-/view?usp=drivesdk,https://drive.google.com/uc?export=view&id=12EF2DP2HagtwNRMePyseSQJlI-33pbg-
dress images/VD,56.jpg,https://drive.google.com/file/d/1ozMEEV_PGMoEupd4urP-c6LHmDp4Ru8m/view?usp=drivesdk,https://drive.google.com/uc?export=view&id=1ozMEEV_PGMoEupd4urP-c6LHmDp4Ru8m
dress images/VD,01.jpg,https://drive.google.com/file/d/1Xz0sLYWg9fvgSOfV6fHIs00j-tow5ETi/view?usp=drivesdk,https://drive.google.com/uc?export=view&id=1Xz0sLYWg9fvgSOfV6fHIs00j-tow5ETi
dress images/VD,70.jpg,https://drive.google.com/file/d/1V4VYUruQ0TCLM5wWUaPliEhsp24tPELu/view?usp=drivesdk,https://drive.google.com/uc?export=view&id=1V4VYUruQ0TCLM5wWUaPliEhsp24tPELu
dress images/VD,29.png,https://drive.google.com/file/d/1xuwxGkMl6fVu1znKIp8kexwyme30Kxw-/view?usp=drivesdk,https://drive.google.com/uc?export=view&id=1xuwxGkMl6fVu1znKIp8kexwyme30Kxw-
dress images/VD,36.png,https://drive.google.com/file/d/13_xBGkBFmStB_GjHDmowO9RFqdpaWKso/view?usp=drivesdk,https://drive.google.com/uc?export=view&id=13_xBGkBFmStB_GjHDmowO9RFqdpaWKso
dress images/VD,46.png,https://drive.google.com/file/d/1Wktss_SYCcrbQ-DmVFicxRAe59Q1De6H/view?usp=drivesdk,https://drive.google.com/uc?export=view&id=1Wktss_SYCcrbQ-DmVFicxRAe59Q1De6H
dress images/VD,48.png,https://drive.google.com/file/d/1oHVgitrSHnP7lN2NihAmH4Z5682OGmnK/view?usp=drivesdk,https://drive.google.com/uc?export=view&id=1oHVgitrSHnP7lN2NihAmH4Z5682OGmnK
dress images/VD,50.png,https://drive.google.com/file/d/1ptVdeP9FzlribvnehFvh79aSriQF3Bl4/view?usp=drivesdk,https://drive.google.com/uc?export=view&id=1ptVdeP9FzlribvnehFvh79aSriQF3Bl4
dress images/VD,53.png,https://drive.google.com/file/d/1xFZIlM-a1vQ4l7Lmrqp96rlA22hxBBUc/view?usp=drivesdk,https://drive.google.com/uc?export=view&id=1xFZIlM-a1vQ4l7Lmrqp96rlA22hxBBUc
dress images/VD,59.png,https://drive.google.com/file/d/1wGRV7MnLElZVGoxRMFWRKYrFVFCC-Q8y/view?usp=drivesdk,https://drive.google.com/uc?export=view&id=1wGRV7MnLElZVGoxRMFWRKYrFVFCC-Q8y
dress images/VD,61.png,https://drive.google.com/file/d/1d62aeS9gt2P21spXV6vbRQXXTX7tT1Wa/view?usp=drivesdk,https://drive.google.com/uc?export=view&id=1d62aeS9gt2P21spXV6vbRQXXTX7tT1Wa
dress images/VD,62.png,https://drive.google.com/file/d/1Y6lmXNVAh4BXpZ3jFNtSfiTn--AjGoiA/view?usp=drivesdk,https://drive.google.com/uc?export=view&id=1Y6lmXNVAh4BXpZ3jFNtSfiTn--AjGoiA
dress images/AD,45.jpg,https://drive.google.com/file/d/1e0aTh0PinFEATjXvAS1B4VSsKL8wUC8p/view?usp=drivesdk,https://drive.google.com/uc?export=view&id=1e0aTh0PinFEATjXvAS1B4VSsKL8wUC8p
dress images/AD,44.jpg,https://drive.google.com/file/d/1BVHgnqVc1m7ANbwWwNBkuhki4L51bgQM/view?usp=drivesdk,https://drive.google.com/uc?export=view&id=1BVHgnqVc1m7ANbwWwNBkuhki4L51bgQM
dress images/AD,43.jpg,https://drive.google.com/file/d/17nQOsFVCwpDCI_znh0iScqNbIi17-Akh/view?usp=drivesdk,https://drive.google.com/uc?export=view&id=17nQOsFVCwpDCI_znh0iScqNbIi17-Akh
dress images/AD,42.jpg,https://drive.google.com/file/d/1jQTgOm7Bpmqsi5RTk6dtH7njro79L8hL/view?usp=drivesdk,https://drive.google.com/uc?export=view&id=1jQTgOm7Bpmqsi5RTk6dtH7njro79L8hL
dress images/AD,41.jpg,https://drive.google.com/file/d/1pnotHT97P3lhakc0CiV50RgBf74q-TIR/view?usp=drivesdk,https://drive.google.com/uc?export=view&id=1pnotHT97P3lhakc0CiV50RgBf74q-TIR
dress images/AD,24.png,https://drive.google.com/file/d/1MJHkyb9L02927H45Ztc8HS2GrYhBHUOG/view?usp=drivesdk,https://drive.google.com/uc?export=view&id=1MJHkyb9L02927H45Ztc8HS2GrYhBHUOG
dress images/AD,30.jpg,https://drive.google.com/file/d/1C1fYESPFYEnMDuqdub7LcgYiopEyj7-n/view?usp=drivesdk,https://drive.google.com/uc?export=view&id=1C1fYESPFYEnMDuqdub7LcgYiopEyj7-n
dress images/AD,31.jpg,https://drive.google.com/file/d/1FhTvFQzVmVRdm9ZPjKWFb0CGCIzQb3HA/view?usp=drivesdk,https://drive.google.com/uc?export=view&id=1FhTvFQzVmVRdm9ZPjKWFb0CGCIzQb3HA
dress images/AD,33.jpg,https://drive.google.com/file/d/1dyjm7KBq9EshQrlE2KYf8OlomQedYr1H/view?usp=drivesdk,https://drive.google.com/uc?export=view&id=1dyjm7KBq9EshQrlE2KYf8OlomQedYr1H
dress images/AD,34.jpg,https://drive.google.com/file/d/1qpDmnFyHP4vJh4noU1mHJ-d6XzD5gL-J/view?usp=drivesdk,https://drive.google.com/uc?export=view&id=1qpDmnFyHP4vJh4noU1mHJ-d6XzD5gL-J
dress images/AD,32.jpg,https://drive.google.com/file/d/1xmNxE1i_f5_dmqd_wiPQqUbpwsTp7yzj/view?usp=drivesdk,https://drive.google.com/uc?export=view&id=1xmNxE1i_f5_dmqd_wiPQqUbpwsTp7yzj
dress images/AD,29.jpg,https://drive.google.com/file/d/1tExfvPeFD8ziFe8yqNAr1v8K7M0Odlht/view?usp=drivesdk,https://drive.google.com/uc?export=view&id=1tExfvPeFD8ziFe8yqNAr1v8K7M0Odlht
dress images/AD,28.jpg,https://drive.google.com/file/d/1CDJMfWd_R1Nt7Opvly9JiELoJ5BK2qI3/view?usp=drivesdk,https://drive.google.com/uc?export=view&id=1CDJMfWd_R1Nt7Opvly9JiELoJ5BK2qI3
dress images/AD,27.jpg,https://drive.google.com/file/d/1uOWmPvhlQyBcVkdbjgbmvuIVDNQaDkRh/view?usp=drivesdk,https://drive.google.com/uc?export=view&id=1uOWmPvhlQyBcVkdbjgbmvuIVDNQaDkRh
dress images/AD,26.jpg,https://drive.google.com/file/d/1CNV_rMtyy0ZVz8686HCG4ycrRjhwdL6q/view?usp=drivesdk,https://drive.google.com/uc?export=view&id=1CNV_rMtyy0ZVz8686HCG4ycrRjhwdL6q
dress images/AD,25.jpg,https://drive.google.com/file/d/1aG6w3tQRdrNnuM1sljSU8YoDCmKos8ij/view?usp=drivesdk,https://drive.google.com/uc?export=view&id=1aG6w3tQRdrNnuM1sljSU8YoDCmKos8ij
dress images/AD,08.jpg,https://drive.google.com/file/d/19bmDtdby6bF1EhN8S8j53snWSYkj67kT/view?usp=drivesdk,https://drive.google.com/uc?export=view&id=19bmDtdby6bF1EhN8S8j53snWSYkj67kT
dress images/AD,36.jpg,https://drive.google.com/file/d/1DAAAbFj1vG7_66QLKX4cccKFYuOI8lzf/view?usp=drivesdk,https://drive.google.com/uc?export=view&id=1DAAAbFj1vG7_66QLKX4cccKFYuOI8lzf
dress images/AD,07.jpg,https://drive.google.com/file/d/1DwCr2zbxV0MC4iqLuDpfu8oaSU8EV3FD/view?usp=drivesdk,https://drive.google.com/uc?export=view&id=1DwCr2zbxV0MC4iqLuDpfu8oaSU8EV3FD
dress images/AD,20.jpg,https://drive.google.com/file/d/1EUGbP9jd7GeI5HQl2Dm5BhPyRExCAFap/view?usp=drivesdk,https://drive.google.com/uc?export=view&id=1EUGbP9jd7GeI5HQl2Dm5BhPyRExCAFap
dress images/AD,15.jpg,https://drive.google.com/file/d/1Fj6Bh4LUFhG8HpvdAH2LjHmOupmdSIxW/view?usp=drivesdk,https://drive.google.com/uc?export=view&id=1Fj6Bh4LUFhG8HpvdAH2LjHmOupmdSIxW
dress images/AD,17.jpg,https://drive.google.com/file/d/1Gv82gE3wwUp1ijJymJWyPqDZIExTFOO9/view?usp=drivesdk,https://drive.google.com/uc?export=view&id=1Gv82gE3wwUp1ijJymJWyPqDZIExTFOO9
dress images/AD,12.jpg,https://drive.google.com/file/d/1HE9YkJBPqNgLO9OL95Q3Q-TKiM-Ahnyx/view?usp=drivesdk,https://drive.google.com/uc?export=view&id=1HE9YkJBPqNgLO9OL95Q3Q-TKiM-Ahnyx
dress images/AD,04.jpg,https://drive.google.com/file/d/1OHP869SQWbjwEhT1muO-TZSzXyFH-aN0/view?usp=drivesdk,https://drive.google.com/uc?export=view&id=1OHP869SQWbjwEhT1muO-TZSzXyFH-aN0
dress images/AD,16.jpg,https://drive.google.com/file/d/1Oa5SDTAh18skoe1B12P3z5FUf_vuWIeN/view?usp=drivesdk,https://drive.google.com/uc?export=view&id=1Oa5SDTAh18skoe1B12P3z5FUf_vuWIeN
dress images/AD,40.jpg,https://drive.google.com/file/d/1Rdv1XTPvWSes9iCpgZSENwijv_KLLEsT/view?usp=drivesdk,https://drive.google.com/uc?export=view&id=1Rdv1XTPvWSes9iCpgZSENwijv_KLLEsT
dress images/AD,05.jpg,https://drive.google.com/file/d/1SpC6dVSlp5njxVYTxuCqcp0-gj2eaXCU/view?usp=drivesdk,https://drive.google.com/uc?export=view&id=1SpC6dVSlp5njxVYTxuCqcp0-gj2eaXCU
dress images/AD,13.jpg,https://drive.google.com/file/d/1WOepglKHGw1sjN1VZy4gjK-jsoBjCPJ_/view?usp=drivesdk,https://drive.google.com/uc?export=view&id=1WOepglKHGw1sjN1VZy4gjK-jsoBjCPJ_
dress images/AD,14.jpg,https://drive.google.com/file/d/1XkoRdFkUUeBws-yibq6aYP4nBYay1l8R/view?usp=drivesdk,https://drive.google.com/uc?export=view&id=1XkoRdFkUUeBws-yibq6aYP4nBYay1l8R
dress images/AD,39.jpg,https://drive.google.com/file/d/1eQe7CE5DL4NffNZX3l0aeI1i79ocNmYG/view?usp=drivesdk,https://drive.google.com/uc?export=view&id=1eQe7CE5DL4NffNZX3l0aeI1i79ocNmYG
dress images/AD,35.jpg,https://drive.google.com/file/d/1faiPm7IheBedVO8ZWrVYN37p1tUKF-2G/view?usp=drivesdk,https://drive.google.com/uc?export=view&id=1faiPm7IheBedVO8ZWrVYN37p1tUKF-2G
dress images/AD,10.jpg,https://drive.google.com/file/d/1iD3VyVwxGDfXSDSH1umTBCduxCAltNUp/view?usp=drivesdk,https://drive.google.com/uc?export=view&id=1iD3VyVwxGDfXSDSH1umTBCduxCAltNUp
dress images/AD,09.jpg,https://drive.google.com/file/d/1lPhQiVOD8RFmFqqVxuWA84tOX-wbsf2G/view?usp=drivesdk,https://drive.google.com/uc?export=view&id=1lPhQiVOD8RFmFqqVxuWA84tOX-wbsf2G
dress images/AD,03.jpg,https://drive.google.com/file/d/1nBN43_NzfW-6neTCwWlv6YwkgpzovW_j/view?usp=drivesdk,https://drive.google.com/uc?export=view&id=1nBN43_NzfW-6neTCwWlv6YwkgpzovW_j
dress images/AD,38.jpg,https://drive.google.com/file/d/1nxBVENziMB58_hMZPmMmC8ayv0PI6MBH/view?usp=drivesdk,https://drive.google.com/uc?export=view&id=1nxBVENziMB58_hMZPmMmC8ayv0PI6MBH
dress images/AD,06.jpg,https://drive.google.com/file/d/1o6LhB72857-U0R2Nh0RkVAV0AmeQo7km/view?usp=drivesdk,https://drive.google.com/uc?export=view&id=1o6LhB72857-U0R2Nh0RkVAV0AmeQo7km
dress images/AD,02.jpg,https://drive.google.com/file/d/1uYXFoKnxKU4zoIQcfZSRf9IIA4QmnMce/view?usp=drivesdk,https://drive.google.com/uc?export=view&id=1uYXFoKnxKU4zoIQcfZSRf9IIA4QmnMce
dress images/AD,01.jpg,https://drive.google.com/file/d/1vRZXToPcbl1RV2XAnpkKtU42sWfWcB4m/view?usp=drivesdk,https://drive.google.com/uc?export=view&id=1vRZXToPcbl1RV2XAnpkKtU42sWfWcB4m
dress images/AD,37.jpg,https://drive.google.com/file/d/1yp7BSzjG-LZ7mz5Yu8EUty7MVY56EJOb/view?usp=drivesdk,https://drive.google.com/uc?export=view&id=1yp7BSzjG-LZ7mz5Yu8EUty7MVY56EJOb
dress images/AD,23.jpg,https://drive.google.com/file/d/1jixhnsbEM2V0E_lcF4e5Bvb_us70andU/view?usp=drivesdk,https://drive.google.com/uc?export=view&id=1jixhnsbEM2V0E_lcF4e5Bvb_us70andU
dress images/AD,19.jpg,https://drive.google.com/file/d/1h8BybXXDAAxJ8mf8OnjDp5Eg1OJtiBUj/view?usp=drivesdk,https://drive.google.com/uc?export=view&id=1h8BybXXDAAxJ8mf8OnjDp5Eg1OJtiBUj
dress images/AD,11.jpg,https://drive.google.com/file/d/1ZAkX5fgkndruUKTGp-AvDuEG5AdKwuuL/view?usp=drivesdk,https://drive.google.com/uc?export=view&id=1ZAkX5fgkndruUKTGp-AvDuEG5AdKwuuL
dress images/AD,21.jpg,https://drive.google.com/file/d/1QbQ1vuPwOWhJIc1zHInDqCbhllUpgiqT/view?usp=drivesdk,https://drive.google.com/uc?export=view&id=1QbQ1vuPwOWhJIc1zHInDqCbhllUpgiqT
dress images/AD,18.jpg,https://drive.google.com/file/d/10tja4w--y4QzVF2pdtvmINpniTextBrf/view?usp=drivesdk,https://drive.google.com/uc?export=view&id=10tja4w--y4QzVF2pdtvmINpniTextBrf
dress images/AD,22.jpg,https://drive.google.com/file/d/1BVyAeK59Ak95iJUnu-K3S6gkXY1geEaf/view?usp=drivesdk,https://drive.google.com/uc?export=view&id=1BVyAeK59Ak95iJUnu-K3S6gkXY1geEaf
dress images/CB,04.jpg,https://drive.google.com/file/d/16WIL3rCkN5HzPIQGJDi1P7I8DqgEp0ZI/view?usp=drivesdk,https://drive.google.com/uc?export=view&id=16WIL3rCkN5HzPIQGJDi1P7I8DqgEp0ZI
dress images/CB,03.jpg,https://drive.google.com/file/d/1n7mjU_D2vp6VimdUqIOczdBiB_lf99uK/view?usp=drivesdk,https://drive.google.com/uc?export=view&id=1n7mjU_D2vp6VimdUqIOczdBiB_lf99uK
dress images/CB,13.jpg,https://drive.google.com/file/d/1KrcSpgnb0w9iURVJ2EXXYfY2ARfbLLs2/view?usp=drivesdk,https://drive.google.com/uc?export=view&id=1KrcSpgnb0w9iURVJ2EXXYfY2ARfbLLs2
dress images/CB,12.jpg,https://drive.google.com/file/d/1LzqjTL2cxqPA_MCsGp8vRTCbBIhnnaLj/view?usp=drivesdk,https://drive.google.com/uc?export=view&id=1LzqjTL2cxqPA_MCsGp8vRTCbBIhnnaLj
dress images/CB,06.jpg,https://drive.google.com/file/d/1u-YGzpNpM6tCVY7Xv1TDj8Ds6yAIeb3P/view?usp=drivesdk,https://drive.google.com/uc?export=view&id=1u-YGzpNpM6tCVY7Xv1TDj8Ds6yAIeb3P
dress images/CB,08.jpg,https://drive.google.com/file/d/1NVvNZmn6lcmV0HBPhtRlWSeuN4OCWOQU/view?usp=drivesdk,https://drive.google.com/uc?export=view&id=1NVvNZmn6lcmV0HBPhtRlWSeuN4OCWOQU
dress images/CB,11.jpg,https://drive.google.com/file/d/14xFWbyHCgFasd1Aix6WALBLGEOgWHlbJ/view?usp=drivesdk,https://drive.google.com/uc?export=view&id=14xFWbyHCgFasd1Aix6WALBLGEOgWHlbJ
dress images/CB,10.jpg,https://drive.google.com/file/d/1x7iNdk-YBQoICe_cZlisXgREws60MyW8/view?usp=drivesdk,https://drive.google.com/uc?export=view&id=1x7iNdk-YBQoICe_cZlisXgREws60MyW8
dress images/CB,09.jpg,https://drive.google.com/file/d/1jfZ9p1dzcvUUNM-QzubgS9D3wCLO1blh/view?usp=drivesdk,https://drive.google.com/uc?export=view&id=1jfZ9p1dzcvUUNM-QzubgS9D3wCLO1blh
dress images/CB,07.jpg,https://drive.google.com/file/d/1qXm4EB0CW_a8PM2lrQHkswlocVEoefqx/view?usp=drivesdk,https://drive.google.com/uc?export=view&id=1qXm4EB0CW_a8PM2lrQHkswlocVEoefqx
dress images/CB,05.jpg,https://drive.google.com/file/d/14rmi9r3s3xgczFDZuFSGitjqAYhcYO87/view?usp=drivesdk,https://drive.google.com/uc?export=view&id=14rmi9r3s3xgczFDZuFSGitjqAYhcYO87
dress images/CB,02.jpg,https://drive.google.com/file/d/1NGGB2Mi4Qc3OcdUAGjtXvXiytBPfZysz/view?usp=drivesdk,https://drive.google.com/uc?export=view&id=1NGGB2Mi4Qc3OcdUAGjtXvXiytBPfZysz
dress images/CB,01.jpg,https://drive.google.com/file/d/19eeFv-8HM7cTuMrS-ze2rdSWo96hXqPb/view?usp=drivesdk,https://drive.google.com/uc?export=view&id=19eeFv-8HM7cTuMrS-ze2rdSWo96hXqPb
dress images/ĐN,11.jpg,https://drive.google.com/file/d/10IJqWl3hnSz9RV0CTA-QrcvMAr2fxGe0/view?usp=drivesdk,https://drive.google.com/uc?export=view&id=10IJqWl3hnSz9RV0CTA-QrcvMAr2fxGe0
dress images/ĐN,02.jpg,https://drive.google.com/file/d/14-c-LNSxeKN3RWQP-PmnvcDxF-HY1c2K/view?usp=drivesdk,https://drive.google.com/uc?export=view&id=14-c-LNSxeKN3RWQP-PmnvcDxF-HY1c2K
dress images/ĐN,05.jpg,https://drive.google.com/file/d/1kRQyk7mNC6YrGu7wuxqyvQ4fhP66vmIa/view?usp=drivesdk,https://drive.google.com/uc?export=view&id=1kRQyk7mNC6YrGu7wuxqyvQ4fhP66vmIa
dress images/ĐN,06.jpg,https://drive.google.com/file/d/12se3_C_09Ju-kdEkqSmrRflInezy_OuV/view?usp=drivesdk,https://drive.google.com/uc?export=view&id=12se3_C_09Ju-kdEkqSmrRflInezy_OuV
dress images/ĐN,04.jpg,https://drive.google.com/file/d/1V-szzLXQo5iSPM17bYWgKtLcleWTeAoL/view?usp=drivesdk,https://drive.google.com/uc?export=view&id=1V-szzLXQo5iSPM17bYWgKtLcleWTeAoL
dress images/ĐN,03.jpg,https://drive.google.com/file/d/1yfXXL1odc5bx7puEbOILbGLWtXo3uUqZ/view?usp=drivesdk,https://drive.google.com/uc?export=view&id=1yfXXL1odc5bx7puEbOILbGLWtXo3uUqZ
dress images/ĐN,01.jpg,https://drive.google.com/file/d/1OIJJub_RKqD3wluUqKKntdcJVyr6_tmI/view?usp=drivesdk,https://drive.google.com/uc?export=view&id=1OIJJub_RKqD3wluUqKKntdcJVyr6_tmI
dress images/ĐN,10.jpg,https://drive.google.com/file/d/1Py4XTpWk6PZqOab4sgTierpXO3hwyUKb/view?usp=drivesdk,https://drive.google.com/uc?export=view&id=1Py4XTpWk6PZqOab4sgTierpXO3hwyUKb
dress images/ĐN,07.jpg,https://drive.google.com/file/d/1rj9VUTur5eCqe3DiZBsssvN8y-FBrkoP/view?usp=drivesdk,https://drive.google.com/uc?export=view&id=1rj9VUTur5eCqe3DiZBsssvN8y-FBrkoP
dress images/ĐN,09.jpg,https://drive.google.com/file/d/1yhqv-NWfE0Ei0ktZv2HrblXNppTuyVrn/view?usp=drivesdk,https://drive.google.com/uc?export=view&id=1yhqv-NWfE0Ei0ktZv2HrblXNppTuyVrn
dress images/ĐN,08.jpg,https://drive.google.com/file/d/1QP-2t51cz8KKljJroRLV0fb3gcQTjyjj/view?usp=drivesdk,https://drive.google.com/uc?export=view&id=1QP-2t51cz8KKljJroRLV0fb3gcQTjyjj
dress images/Q,37.jpg,https://drive.google.com/file/d/1UQTm1E5gjwR3yE4BbjOtHNbLC4nJ1Isr/view?usp=drivesdk,https://drive.google.com/uc?export=view&id=1UQTm1E5gjwR3yE4BbjOtHNbLC4nJ1Isr
dress images/Q,36.jpg,https://drive.google.com/file/d/1V70Y3C5DOF1mddCW70tTXLQbij2jiAfM/view?usp=drivesdk,https://drive.google.com/uc?export=view&id=1V70Y3C5DOF1mddCW70tTXLQbij2jiAfM
dress images/Q,35.jpg,https://drive.google.com/file/d/1ghjXvDY64DMBYv05dobokoRTxxIqTxjv/view?usp=drivesdk,https://drive.google.com/uc?export=view&id=1ghjXvDY64DMBYv05dobokoRTxxIqTxjv
dress images/Q,34.jpg,https://drive.google.com/file/d/1tTnIbC-C3sU1Qe7D0kva0e8-QylDPeUr/view?usp=drivesdk,https://drive.google.com/uc?export=view&id=1tTnIbC-C3sU1Qe7D0kva0e8-QylDPeUr
dress images/Q,33.jpg,https://drive.google.com/file/d/1HFrfCzzDiprUB7z7k23ElDBRjBLzbafj/view?usp=drivesdk,https://drive.google.com/uc?export=view&id=1HFrfCzzDiprUB7z7k23ElDBRjBLzbafj
dress images/Q,32.jpg,https://drive.google.com/file/d/1bdE3v2BZqik2fGD0OmFovyV0-Qx2xS0E/view?usp=drivesdk,https://drive.google.com/uc?export=view&id=1bdE3v2BZqik2fGD0OmFovyV0-Qx2xS0E
dress images/Q,31.jpg,https://drive.google.com/file/d/18igEDR_dNqDmictYXfyg3r1QwiF_v3Sk/view?usp=drivesdk,https://drive.google.com/uc?export=view&id=18igEDR_dNqDmictYXfyg3r1QwiF_v3Sk
dress images/Q,30.jpg,https://drive.google.com/file/d/1E9yKSXdIppzQSB4HG8nFcD6Ea-Mf7ZTK/view?usp=drivesdk,https://drive.google.com/uc?export=view&id=1E9yKSXdIppzQSB4HG8nFcD6Ea-Mf7ZTK
dress images/Q,29.jpg,https://drive.google.com/file/d/1H4gfTWNol1sbj_LitYtfWNuwd8c_YCYs/view?usp=drivesdk,https://drive.google.com/uc?export=view&id=1H4gfTWNol1sbj_LitYtfWNuwd8c_YCYs
dress images/Q,28.jpg,https://drive.google.com/file/d/1GRew5GNN98eK-ubZOE6V4q8uMXBhJcdf/view?usp=drivesdk,https://drive.google.com/uc?export=view&id=1GRew5GNN98eK-ubZOE6V4q8uMXBhJcdf
dress images/Q,27.jpg,https://drive.google.com/file/d/1B-PwisceiOnwUdQyjaKXQPM81O-iCM0X/view?usp=drivesdk,https://drive.google.com/uc?export=view&id=1B-PwisceiOnwUdQyjaKXQPM81O-iCM0X
dress images/Q,26.jpg,https://drive.google.com/file/d/1jBYpm6SV7LH0IbKAtVlODPGOOT5Ew9lZ/view?usp=drivesdk,https://drive.google.com/uc?export=view&id=1jBYpm6SV7LH0IbKAtVlODPGOOT5Ew9lZ
dress images/Q,25.jpg,https://drive.google.com/file/d/1v2vnyukuIsyEVOH14_yT6BwD-rxfx6e8/view?usp=drivesdk,https://drive.google.com/uc?export=view&id=1v2vnyukuIsyEVOH14_yT6BwD-rxfx6e8
dress images/Q,24.jpg,https://drive.google.com/file/d/1L0zPVUbgZk3J4mEzQ6RT-jaTAogVyyCm/view?usp=drivesdk,https://drive.google.com/uc?export=view&id=1L0zPVUbgZk3J4mEzQ6RT-jaTAogVyyCm
dress images/Q,23.jpg,https://drive.google.com/file/d/1PbxHZeL_gb7ea9hYmkkNaDmbbY-6Ccvz/view?usp=drivesdk,https://drive.google.com/uc?export=view&id=1PbxHZeL_gb7ea9hYmkkNaDmbbY-6Ccvz
dress images/Q,22.jpg,https://drive.google.com/file/d/1arDCd99oDvZwnYZIehZTaVXLbct5WkzP/view?usp=drivesdk,https://drive.google.com/uc?export=view&id=1arDCd99oDvZwnYZIehZTaVXLbct5WkzP
dress images/Q,21.jpg,https://drive.google.com/file/d/1B_H8HO2bG4GXsHXCnjhw-TuBU34L5SU9/view?usp=drivesdk,https://drive.google.com/uc?export=view&id=1B_H8HO2bG4GXsHXCnjhw-TuBU34L5SU9
dress images/Q,20.jpg,https://drive.google.com/file/d/1jrY9rcPoU-pt6syOrWBVdnPNm_tt55M_/view?usp=drivesdk,https://drive.google.com/uc?export=view&id=1jrY9rcPoU-pt6syOrWBVdnPNm_tt55M_
dress images/Q,19.jpg,https://drive.google.com/file/d/1gPygD7rgfzhlSybtNPpUEBIpFk7u7XbH/view?usp=drivesdk,https://drive.google.com/uc?export=view&id=1gPygD7rgfzhlSybtNPpUEBIpFk7u7XbH
dress images/Q,18.jpg,https://drive.google.com/file/d/1TMr_e5X_n7XkHOYlnkWUc2PppdYLCg_P/view?usp=drivesdk,https://drive.google.com/uc?export=view&id=1TMr_e5X_n7XkHOYlnkWUc2PppdYLCg_P
dress images/Q,17.jpg,https://drive.google.com/file/d/1djoMBzW2wcwWvisQDNjewy8iF-LN43gs/view?usp=drivesdk,https://drive.google.com/uc?export=view&id=1djoMBzW2wcwWvisQDNjewy8iF-LN43gs
dress images/Q,16.jpg,https://drive.google.com/file/d/1tPvDKoqMZUhoMGjYevdH0BMFc7jK6ZUs/view?usp=drivesdk,https://drive.google.com/uc?export=view&id=1tPvDKoqMZUhoMGjYevdH0BMFc7jK6ZUs
dress images/Q,15.jpg,https://drive.google.com/file/d/1wuJTiAfmgOiaz5YyaW8xLqQ_h40rox29/view?usp=drivesdk,https://drive.google.com/uc?export=view&id=1wuJTiAfmgOiaz5YyaW8xLqQ_h40rox29
dress images/Q,14.jpg,https://drive.google.com/file/d/1SMsDp0ObRGLi71Umwc8FCGhvaSs7wrK0/view?usp=drivesdk,https://drive.google.com/uc?export=view&id=1SMsDp0ObRGLi71Umwc8FCGhvaSs7wrK0
dress images/Q,13.jpg,https://drive.google.com/file/d/15ZZd4uRFwy3dEVFmAEJBRRtYk10kL9D1/view?usp=drivesdk,https://drive.google.com/uc?export=view&id=15ZZd4uRFwy3dEVFmAEJBRRtYk10kL9D1
dress images/Q,12.jpg,https://drive.google.com/file/d/1bur2QTrryWuUaSqdeU6hZ_a6q17POgVI/view?usp=drivesdk,https://drive.google.com/uc?export=view&id=1bur2QTrryWuUaSqdeU6hZ_a6q17POgVI
dress images/Q,11.jpg,https://drive.google.com/file/d/152k_5nSXpwm_9iuZR-VDA2dKMfGLddhP/view?usp=drivesdk,https://drive.google.com/uc?export=view&id=152k_5nSXpwm_9iuZR-VDA2dKMfGLddhP
dress images/Q,10.jpg,https://drive.google.com/file/d/1QEM-yXuOPZv_XyAnhbGqJjCoiLzsrDcd/view?usp=drivesdk,https://drive.google.com/uc?export=view&id=1QEM-yXuOPZv_XyAnhbGqJjCoiLzsrDcd
dress images/Q,09.jpg,https://drive.google.com/file/d/1EeJPRcOIFH_Bkydce7iOWY5boR6YqJfl/view?usp=drivesdk,https://drive.google.com/uc?export=view&id=1EeJPRcOIFH_Bkydce7iOWY5boR6YqJfl
dress images/Q,08.jpg,https://drive.google.com/file/d/1D50EMW6gIu_ahUOkjqSZMgWC7povZVxO/view?usp=drivesdk,https://drive.google.com/uc?export=view&id=1D50EMW6gIu_ahUOkjqSZMgWC7povZVxO
dress images/Q,07.jpg,https://drive.google.com/file/d/1kuTUlBUeeHSaHdjK3-Xo4OzImr2lRGi-/view?usp=drivesdk,https://drive.google.com/uc?export=view&id=1kuTUlBUeeHSaHdjK3-Xo4OzImr2lRGi-
dress images/Q,06.jpg,https://drive.google.com/file/d/1sdWuK8-gBOvUOQqj-3pKU74B5BTf3PDA/view?usp=drivesdk,https://drive.google.com/uc?export=view&id=1sdWuK8-gBOvUOQqj-3pKU74B5BTf3PDA
dress images/Q,05.jpg,https://drive.google.com/file/d/1mj9Pez659m6fFx8T_DZujRQEHDTBDDQg/view?usp=drivesdk,https://drive.google.com/uc?export=view&id=1mj9Pez659m6fFx8T_DZujRQEHDTBDDQg
dress images/Q,04.jpg,https://drive.google.com/file/d/1TX_289WWgUNdmNm-CucIY5e0A9DRhCpr/view?usp=drivesdk,https://drive.google.com/uc?export=view&id=1TX_289WWgUNdmNm-CucIY5e0A9DRhCpr
dress images/Q,03.jpg,https://drive.google.com/file/d/1tPSM9wpWhlnpJRIB6ATclrY2eMqHBNiV/view?usp=drivesdk,https://drive.google.com/uc?export=view&id=1tPSM9wpWhlnpJRIB6ATclrY2eMqHBNiV
dress images/Q,02.jpg,https://drive.google.com/file/d/1fDIto2__u7EH7ZHHzxZB3M8AqkNWlxFN/view?usp=drivesdk,https://drive.google.com/uc?export=view&id=1fDIto2__u7EH7ZHHzxZB3M8AqkNWlxFN
dress images/Q,01.jpg,https://drive.google.com/file/d/17FTTg_q3DboHcQcZNtPecnMSMD9zPIkQ/view?usp=drivesdk,https://drive.google.com/uc?export=view&id=17FTTg_q3DboHcQcZNtPecnMSMD9zPIkQ
dress images/N,07.jpg,https://drive.google.com/file/d/1UXTtlN4f6DhsqbXdMnzGDXrbnu9Gm9mV/view?usp=drivesdk,https://drive.google.com/uc?export=view&id=1UXTtlN4f6DhsqbXdMnzGDXrbnu9Gm9mV
dress images/N,06.jpg,https://drive.google.com/file/d/1s8ZVLprAEeoSMaeN26t1iBU-zvcbNJva/view?usp=drivesdk,https://drive.google.com/uc?export=view&id=1s8ZVLprAEeoSMaeN26t1iBU-zvcbNJva
dress images/N,05.jpg,https://drive.google.com/file/d/13EmcNh1IC-2gyYPMdNojW-G-lTpSHKw3/view?usp=drivesdk,https://drive.google.com/uc?export=view&id=13EmcNh1IC-2gyYPMdNojW-G-lTpSHKw3
dress images/N,04.jpg,https://drive.google.com/file/d/1PuDYgqLyecdjZDL3KM4PJfQ8gUdv4Tbl/view?usp=drivesdk,https://drive.google.com/uc?export=view&id=1PuDYgqLyecdjZDL3KM4PJfQ8gUdv4Tbl
dress images/N,03.jpg,https://drive.google.com/file/d/12z9CKyy6mySsm0PaX5jppEi9slO9tsIj/view?usp=drivesdk,https://drive.google.com/uc?export=view&id=12z9CKyy6mySsm0PaX5jppEi9slO9tsIj
dress images/N,02.jpg,https://drive.google.com/file/d/1i6rQwtxGx_6QFUMCmrKK22L7ld6ePmKW/view?usp=drivesdk,https://drive.google.com/uc?export=view&id=1i6rQwtxGx_6QFUMCmrKK22L7ld6ePmKW
dress images/N,01.jpg,https://drive.google.com/file/d/1mjT4a5XUf7CSKcgrT4A69tsIsxbF2zev/view?usp=drivesdk,https://drive.google.com/uc?export=view&id=1mjT4a5XUf7CSKcgrT4A69tsIsxbF2zev
dress images/T,19.jpg,https://drive.google.com/file/d/12A8D11zhrX6LR2ezmlpeCVVVvPs2r1Ss/view?usp=drivesdk,https://drive.google.com/uc?export=view&id=12A8D11zhrX6LR2ezmlpeCVVVvPs2r1Ss
dress images/T,18.jpg,https://drive.google.com/file/d/1qQciRj1RZNIkZD1dnAWIaRBda2fpCfMG/view?usp=drivesdk,https://drive.google.com/uc?export=view&id=1qQciRj1RZNIkZD1dnAWIaRBda2fpCfMG
dress images/T,17.jpg,https://drive.google.com/file/d/1pHLYnh-qskKSo9mmMdC0v_WTs188_kWp/view?usp=drivesdk,https://drive.google.com/uc?export=view&id=1pHLYnh-qskKSo9mmMdC0v_WTs188_kWp
dress images/T,16.jpg,https://drive.google.com/file/d/1yc-33zHudfE4SfYxksIGVLmiZ88NehjO/view?usp=drivesdk,https://drive.google.com/uc?export=view&id=1yc-33zHudfE4SfYxksIGVLmiZ88NehjO
dress images/T,15.jpg,https://drive.google.com/file/d/1alEjeB6ipdlx5sH2HV1hRipu8MEUW_ib/view?usp=drivesdk,https://drive.google.com/uc?export=view&id=1alEjeB6ipdlx5sH2HV1hRipu8MEUW_ib
dress images/T,14.jpg,https://drive.google.com/file/d/1L-xr6lh6ot_C05Z9nKtDKXNWpkYiw4Ea/view?usp=drivesdk,https://drive.google.com/uc?export=view&id=1L-xr6lh6ot_C05Z9nKtDKXNWpkYiw4Ea
dress images/T,13.jpg,https://drive.google.com/file/d/1pVmBoalkdPk5glzS07GssJv0whW6isM0/view?usp=drivesdk,https://drive.google.com/uc?export=view&id=1pVmBoalkdPk5glzS07GssJv0whW6isM0
dress images/T,12.jpg,https://drive.google.com/file/d/1hRLtzAUSB04oEd8i49DWcWVU4G5hRNIe/view?usp=drivesdk,https://drive.google.com/uc?export=view&id=1hRLtzAUSB04oEd8i49DWcWVU4G5hRNIe
dress images/T,11.jpg,https://drive.google.com/file/d/1DPG-I0dKOV8aYFca4ZP-zP5IXj_0cq57/view?usp=drivesdk,https://drive.google.com/uc?export=view&id=1DPG-I0dKOV8aYFca4ZP-zP5IXj_0cq57
dress images/T,10.jpg,https://drive.google.com/file/d/1ZtRqRVTQilc8cEsTmOstGLvgM4ZDbYzG/view?usp=drivesdk,https://drive.google.com/uc?export=view&id=1ZtRqRVTQilc8cEsTmOstGLvgM4ZDbYzG
dress images/T,09.jpg,https://drive.google.com/file/d/1qyYXC5lxja0Spjn4pBkOSwETXUP01ZyC/view?usp=drivesdk,https://drive.google.com/uc?export=view&id=1qyYXC5lxja0Spjn4pBkOSwETXUP01ZyC
dress images/T,08.jpg,https://drive.google.com/file/d/1glGirlO51mTSQLdeHpYX51O1oaY_1NcZ/view?usp=drivesdk,https://drive.google.com/uc?export=view&id=1glGirlO51mTSQLdeHpYX51O1oaY_1NcZ
dress images/T,07.jpg,https://drive.google.com/file/d/1u49LkCnybh3BUF87RIokoNUhxmThn3Ai/view?usp=drivesdk,https://drive.google.com/uc?export=view&id=1u49LkCnybh3BUF87RIokoNUhxmThn3Ai
dress images/T,06.jpg,https://drive.google.com/file/d/14YX_zcbZde7zeaNInxJtG3LaOdzWJ8TH/view?usp=drivesdk,https://drive.google.com/uc?export=view&id=14YX_zcbZde7zeaNInxJtG3LaOdzWJ8TH
dress images/T,05.jpg,https://drive.google.com/file/d/1rB041NNrXVh3zJ5oBGeGEIcHlPpeBQBL/view?usp=drivesdk,https://drive.google.com/uc?export=view&id=1rB041NNrXVh3zJ5oBGeGEIcHlPpeBQBL
dress images/T,04.jpg,https://drive.google.com/file/d/1dr1PgizuPV0crEOQJOy5ydTceOMYMqNp/view?usp=drivesdk,https://drive.google.com/uc?export=view&id=1dr1PgizuPV0crEOQJOy5ydTceOMYMqNp
dress images/T,03.jpg,https://drive.google.com/file/d/1DGBf4cSUKptxecadSuRSfzi-uhxXrx7s/view?usp=drivesdk,https://drive.google.com/uc?export=view&id=1DGBf4cSUKptxecadSuRSfzi-uhxXrx7s
dress images/T,02.jpg,https://drive.google.com/file/d/1CGd-h4lvsZf9Hzhj2uYEaf7oezXugZS8/view?usp=drivesdk,https://drive.google.com/uc?export=view&id=1CGd-h4lvsZf9Hzhj2uYEaf7oezXugZS8
dress images/T,01.jpg,https://drive.google.com/file/d/1l50-b9i2pssSVI9Js7Cl4cr8c9svsGn5/view?usp=drivesdk,https://drive.google.com/uc?export=view&id=1l50-b9i2pssSVI9Js7Cl4cr8c9svsGn5
dress images/M,06.jpg,https://drive.google.com/file/d/1X3ivZ50OaLANo6cQwEJEXWbDRm9Qscko/view?usp=drivesdk,https://drive.google.com/uc?export=view&id=1X3ivZ50OaLANo6cQwEJEXWbDRm9Qscko
dress images/M,05.jpg,https://drive.google.com/file/d/1DXDQs831B8fc8vYOFipsucOGDGuODI3y/view?usp=drivesdk,https://drive.google.com/uc?export=view&id=1DXDQs831B8fc8vYOFipsucOGDGuODI3y
dress images/M,04.jpg,https://drive.google.com/file/d/1QPJ2iAeQFDF6ccdr9UWVB90mZtQ2gOet/view?usp=drivesdk,https://drive.google.com/uc?export=view&id=1QPJ2iAeQFDF6ccdr9UWVB90mZtQ2gOet
dress images/M,03.jpg,https://drive.google.com/file/d/1iwd3r0f13oCHwvSt8WaPgdHJsQPXXRWD/view?usp=drivesdk,https://drive.google.com/uc?export=view&id=1iwd3r0f13oCHwvSt8WaPgdHJsQPXXRWD
dress images/M,02.jpg,https://drive.google.com/file/d/1_RFBD3eDtwol_kWqjKV2ld2SDbYqFdWz/view?usp=drivesdk,https://drive.google.com/uc?export=view&id=1_RFBD3eDtwol_kWqjKV2ld2SDbYqFdWz
dress images/M,01.jpg,https://drive.google.com/file/d/1I5J9PoK6bXzQijsu8whZfiM5x8LJ4b6x/view?usp=drivesdk,https://drive.google.com/uc?export=view&id=1I5J9PoK6bXzQijsu8whZfiM5x8LJ4b6x
dress images/H,03.jpg,https://drive.google.com/file/d/1k61bnpC9Ta31u1-TnD-TcRdIZzZ1hnKv/view?usp=drivesdk,https://drive.google.com/uc?export=view&id=1k61bnpC9Ta31u1-TnD-TcRdIZzZ1hnKv
dress images/H,02.jpg,https://drive.google.com/file/d/1zqOwEnSxFir8fslCsbxjS_8_wzTx3WGF/view?usp=drivesdk,https://drive.google.com/uc?export=view&id=1zqOwEnSxFir8fslCsbxjS_8_wzTx3WGF
dress images/H,01.jpg,https://drive.google.com/file/d/1oML4J4_Xl9XseygR8NoOgb63e3fzO77-/view?usp=drivesdk,https://drive.google.com/uc?export=view&id=1oML4J4_Xl9XseygR8NoOgb63e3fzO77-
dress images/G,35.jpg,https://drive.google.com/file/d/1kQZgX4AYkGUvvjAoQEviiYOK6OOSO5nB/view?usp=drivesdk,https://drive.google.com/uc?export=view&id=1kQZgX4AYkGUvvjAoQEviiYOK6OOSO5nB
dress images/G,34.jpg,https://drive.google.com/file/d/16lwS8q-s1LuaZorbLxoyhb9TwOwo_liL/view?usp=drivesdk,https://drive.google.com/uc?export=view&id=16lwS8q-s1LuaZorbLxoyhb9TwOwo_liL
dress images/G,33.jpg,https://drive.google.com/file/d/1GDvvjCkEH5OxaCV1Gx6HRWTPgGThlhRL/view?usp=drivesdk,https://drive.google.com/uc?export=view&id=1GDvvjCkEH5OxaCV1Gx6HRWTPgGThlhRL
dress images/G,32.jpg,https://drive.google.com/file/d/1Klhpv6M-49H3-g9hu9Z6S6cLNWJhL0c7/view?usp=drivesdk,https://drive.google.com/uc?export=view&id=1Klhpv6M-49H3-g9hu9Z6S6cLNWJhL0c7
dress images/G,31.jpg,https://drive.google.com/file/d/1eGK5D3_Esabs_lRBaUxWZdr8hXKJrifK/view?usp=drivesdk,https://drive.google.com/uc?export=view&id=1eGK5D3_Esabs_lRBaUxWZdr8hXKJrifK
dress images/G,30.jpg,https://drive.google.com/file/d/1-tOxLdOYNtc6wp6Iy33f6I4YzQOpiwtf/view?usp=drivesdk,https://drive.google.com/uc?export=view&id=1-tOxLdOYNtc6wp6Iy33f6I4YzQOpiwtf
dress images/G,29.jpg,https://drive.google.com/file/d/1trD-nzjsTgATOAsy1kOrku4LYuYfmRVA/view?usp=drivesdk,https://drive.google.com/uc?export=view&id=1trD-nzjsTgATOAsy1kOrku4LYuYfmRVA
dress images/G,28.jpg,https://drive.google.com/file/d/1MUjP4sI9rcSXqUjC_yHwEcoNJDJN-6Vk/view?usp=drivesdk,https://drive.google.com/uc?export=view&id=1MUjP4sI9rcSXqUjC_yHwEcoNJDJN-6Vk
dress images/G,27.jpg,https://drive.google.com/file/d/1JLp8BKwe4c6xkKzdw7tr7vGzF_KDOu25/view?usp=drivesdk,https://drive.google.com/uc?export=view&id=1JLp8BKwe4c6xkKzdw7tr7vGzF_KDOu25
dress images/G,26.jpg,https://drive.google.com/file/d/1W1hzYsEGFPRWhn2IPfRURnaJRWzLRk1o/view?usp=drivesdk,https://drive.google.com/uc?export=view&id=1W1hzYsEGFPRWhn2IPfRURnaJRWzLRk1o
dress images/G,04.jpg,https://drive.google.com/file/d/11uwNIMrAQPWnvEFAx0lOi3gMJ-2ZljTc/view?usp=drivesdk,https://drive.google.com/uc?export=view&id=11uwNIMrAQPWnvEFAx0lOi3gMJ-2ZljTc
dress images/G,01.jpg,https://drive.google.com/file/d/1mxeRcftHwISJck08vaiXpgFTtdtLPp79/view?usp=drivesdk,https://drive.google.com/uc?export=view&id=1mxeRcftHwISJck08vaiXpgFTtdtLPp79
dress images/G,02.jpg,https://drive.google.com/file/d/1fPmZ1hXkkplREZ4BDHJtF_7-rNyWtf8N/view?usp=drivesdk,https://drive.google.com/uc?export=view&id=1fPmZ1hXkkplREZ4BDHJtF_7-rNyWtf8N
dress images/G,11.jpg,https://drive.google.com/file/d/1LUN8SQYox7RahCMoLcK4Nn3MgApGCb54/view?usp=drivesdk,https://drive.google.com/uc?export=view&id=1LUN8SQYox7RahCMoLcK4Nn3MgApGCb54
dress images/G,12.jpg,https://drive.google.com/file/d/19WmDJtSQBH2TW9e8DI6NBoBcscjtHJhk/view?usp=drivesdk,https://drive.google.com/uc?export=view&id=19WmDJtSQBH2TW9e8DI6NBoBcscjtHJhk
dress images/G,05.jpg,https://drive.google.com/file/d/1I2l-kte1X9g0T9unozry93C2r3yS-5-C/view?usp=drivesdk,https://drive.google.com/uc?export=view&id=1I2l-kte1X9g0T9unozry93C2r3yS-5-C
dress images/G,09.jpg,https://drive.google.com/file/d/13HB156bbJhNC5qAzSZdzobaBbKUAg6zK/view?usp=drivesdk,https://drive.google.com/uc?export=view&id=13HB156bbJhNC5qAzSZdzobaBbKUAg6zK
dress images/G,08.jpg,https://drive.google.com/file/d/1Z7LIgc5REUMfj5QMvS0-FkEUl40qcy6H/view?usp=drivesdk,https://drive.google.com/uc?export=view&id=1Z7LIgc5REUMfj5QMvS0-FkEUl40qcy6H
dress images/G,06.jpg,https://drive.google.com/file/d/1UyVwZcjDXmiXNNcfI3qvwTMvLW1W5HGr/view?usp=drivesdk,https://drive.google.com/uc?export=view&id=1UyVwZcjDXmiXNNcfI3qvwTMvLW1W5HGr
dress images/G,10.jpg,https://drive.google.com/file/d/1FckGOlwRvL-TEXH0c8Lx5W1vYvDm0TlV/view?usp=drivesdk,https://drive.google.com/uc?export=view&id=1FckGOlwRvL-TEXH0c8Lx5W1vYvDm0TlV
dress images/G,07.jpg,https://drive.google.com/file/d/1Xmu3drLZzAayUUPfli4xyFPpDcm3NhPB/view?usp=drivesdk,https://drive.google.com/uc?export=view&id=1Xmu3drLZzAayUUPfli4xyFPpDcm3NhPB
dress images/G,14.jpg,https://drive.google.com/file/d/1JmCjAPuJqShSq11xA4WNa5waD0DxReRA/view?usp=drivesdk,https://drive.google.com/uc?export=view&id=1JmCjAPuJqShSq11xA4WNa5waD0DxReRA
dress images/G,03.jpg,https://drive.google.com/file/d/1UTiAzcDzXpwNc84LXm-hVg4XE57KIdRk/view?usp=drivesdk,https://drive.google.com/uc?export=view&id=1UTiAzcDzXpwNc84LXm-hVg4XE57KIdRk
dress images/G,19.jpg,https://drive.google.com/file/d/1D6FMbzD3Ne1HdIbvYCwcNOEko_V-5CgW/view?usp=drivesdk,https://drive.google.com/uc?export=view&id=1D6FMbzD3Ne1HdIbvYCwcNOEko_V-5CgW
dress images/G,13.jpg,https://drive.google.com/file/d/19aqNj0P2ckcUE4NkEPQLYwpIUPwz1v7M/view?usp=drivesdk,https://drive.google.com/uc?export=view&id=19aqNj0P2ckcUE4NkEPQLYwpIUPwz1v7M
dress images/G,25.jpg,https://drive.google.com/file/d/1jQL39YsZiy5ssqF2HfXiNPiBy3BmA3rE/view?usp=drivesdk,https://drive.google.com/uc?export=view&id=1jQL39YsZiy5ssqF2HfXiNPiBy3BmA3rE
dress images/G,24.jpg,https://drive.google.com/file/d/1-3bicPQ7fYUXpTvKWToU3mHzchh-aao3/view?usp=drivesdk,https://drive.google.com/uc?export=view&id=1-3bicPQ7fYUXpTvKWToU3mHzchh-aao3
dress images/G,23.jpg,https://drive.google.com/file/d/1NDnOuY_D1rCwIf13AfAsAIMoNuXrPYNn/view?usp=drivesdk,https://drive.google.com/uc?export=view&id=1NDnOuY_D1rCwIf13AfAsAIMoNuXrPYNn
dress images/G,21.jpg,https://drive.google.com/file/d/1OH1B7r5m35eglm9UaIbLEH-1KKXxNRgA/view?usp=drivesdk,https://drive.google.com/uc?export=view&id=1OH1B7r5m35eglm9UaIbLEH-1KKXxNRgA
dress images/G,22.jpg,https://drive.google.com/file/d/1ghs-jZirMDbtl7Xw7ZAXkxq5FzNi4cF6/view?usp=drivesdk,https://drive.google.com/uc?export=view&id=1ghs-jZirMDbtl7Xw7ZAXkxq5FzNi4cF6
dress images/G,20.jpg,https://drive.google.com/file/d/1jJDzOYSRQMkBemqqX_7TPzt0qti9Kzgy/view?usp=drivesdk,https://drive.google.com/uc?export=view&id=1jJDzOYSRQMkBemqqX_7TPzt0qti9Kzgy
dress images/G,18.jpg,https://drive.google.com/file/d/1dF-OFNJ_al86j1HvBsvadpUPV8biMvnz/view?usp=drivesdk,https://drive.google.com/uc?export=view&id=1dF-OFNJ_al86j1HvBsvadpUPV8biMvnz
dress images/G,17.jpg,https://drive.google.com/file/d/1RmmG8-0A2oGbICv4Ct_iTuvU-TZrtrak/view?usp=drivesdk,https://drive.google.com/uc?export=view&id=1RmmG8-0A2oGbICv4Ct_iTuvU-TZrtrak
dress images/G,16.jpg,https://drive.google.com/file/d/1RcVKHwiZKyxfMmwOCWRuSGDzMg9isxwE/view?usp=drivesdk,https://drive.google.com/uc?export=view&id=1RcVKHwiZKyxfMmwOCWRuSGDzMg9isxwE
dress images/G,15.jpg,https://drive.google.com/file/d/11-3uL8tTPokXLiUgny-dl3T3QyxD94wd/view?usp=drivesdk,https://drive.google.com/uc?export=view&id=11-3uL8tTPokXLiUgny-dl3T3QyxD94wd