"ma","phan_loai","size"
"G01","G","38"
"G02","G","37"
"G03","G","38"
"G04","G","37"
"G05","G","37"
"G06","G","37"
"G07","G","38"
"G08","G","37"
"G09","G","38"
"G10","G","37"
"G11","G","37"
"G12","G","37"
"G13","G","38"
"G14","G","37"
"G15","G","37"
"G16","G","38"
"G17","G","36"
"G18","G","37"
"G19","G","38"
"G20","G","37"
"G21","G","37"
"G22","G","38"
"G23","G","38"
"G24","G","38"
"G25","G","38"
"G26","G","37"
"G27","G","37"
"G28","G","37"
"G29","G","37"
"G30","G","37"
"G31","G","37"
"G32","G","36"
"G33","G","38"
"G34","G","37"
"G35","G","37"
"ĐN01","ĐN","S"
"ĐN02","ĐN","S"
"ĐN03","ĐN","S"
"ĐN04","ĐN","S"
"ĐN05","ĐN","M"
"ĐN06","ĐN","M"
"ĐN07","ĐN","S"
"ĐN08","ĐN","M"
"ĐN09","ĐN","M"
"ĐN10","ĐN","S"
"ĐN11","ĐN","M"
"HN01","HN","S"
"HN02","HN","S"
"HN03","HN","S"
"HN04","HN","M"
"HN05","HN","M"
"HN06","HN","M"
"HN07","HN","M"
"HN08","HN","M"
"HN09","HN","M"
"HN10","HN","S"
"HN11","HN","M"
"HN12","HN","M"
"HN13","HN","S"
"HN14","HN","M"
"HN15","HN","S"
"HN16","HN","S"
"HN17","HN","M"
"HN18","HN","M"
"HN19","HN","M"
"HN20","HN","M"
"VN01","VN","M"
"VN02","VN","S"
"VN03","VN","S"
"VN04","VN","M"
"VN05","VN","S"
"VN06","VN","M"
"VN07","VN","S"
"VN08","VN","M"
"VN09","VN","M"
"VN10","VN","M"
"VN11","VN","S"
"VN12","VN","M"
"VN13","VN","M"
"VN14","VN","S"
"VN15","VN","M"
"VN16","VN","M"
"VN17","VN","S"
"VN18","VN","M"
"VN19","VN","M"
"VN20","VN","S"
"VN21","VN","S"
"VN22","VN","M"
"VN23","VN","S"
"VN24","VN","M"
"VN25","VN","S"
"VN26","VN","S"
"VN27","VN","S"
"VN28","VN","M"
"VN29","VN","M"
"VN30","VN","M"
"VN31","VN","M"
"VN32","VN","S"
"VN33","VN","M"
"VN34","VN","M"
"VN35","VN","M"
"VN36","VN","M"
"VN37","VN","S"
"VN38","VN","S"
"VN39","VN","S"
"VN40","VN","S"
"CB01","CB","M"
"CB02","CB","M"
"CB03","CB","M"
"CB04","CB","M"
"CB05","CB","M"
"CB06","CB","S"
"CB07","CB","M"
"CB08","CB","S"
"CB09","CB","S"
"CB10","CB","S"
"CB11","CB","M"
"CB12","CB","M"
"CB13","CB","M"
"VD01","VD","M"
"VD02","VD","M"
"VD03","VD","M"
"VD04","VD","S"
"VD05","VD","M"
"VD06","VD","M"
"VD07","VD","M"
"VD08","VD","M"
"VD09","VD","S"
"VD10","VD","S"
"VD11","VD","M"
"VD12","VD","M"
"VD13","VD","M"
"VD14","VD","S"
"VD15","VD","M"
"VD16","VD","M"
"VD17","VD","M"
"VD18","VD","M"
"VD19","VD","M"
"VD20","VD","M"
"VD21","VD","S"
"VD22","VD","M"
"VD23","VD","L"
"VD24","VD","S"
"VD25","VD","M"
"VD26","VD","S"
"VD27","VD","M"
"VD28","VD","M"
"VD29","VD","S"
"VD30","VD","M"
"VD31","VD","M"
"VD32","VD","S"
"VD33","VD","S"
"VD34","VD","S"
"VD35","VD","M"
"VD36","VD","M"
"VD37","VD","M"
"VD38","VD","M"
"VD39","VD","M"
"VD40","VD","S"
"VD41","VD","M"
"VD42","VD","S"
"VD43","VD","M"
"VD44","VD","M"
"VD45","VD","M"
"VD46","VD","M"
"VD47","VD","M"
"VD48","VD","S"
"VD49","VD","S"
"VD50","VD","S"
"VD51","VD","M"
"VD52","VD","M"
"VD53","VD","M"
"VD54","VD","M"
"VD55","VD","M"
"VD56","VD","M"
"VD57","VD","M"
"VD58","VD","S"
"VD59","VD","M"
"VD60","VD","S"
"VD61","VD","M"
"VD62","VD","M"
"VD63","VD","S"
"VD64","VD","M"
"VD65","VD","M"
"VD66","VD","M"
"VD67","VD","M"
"VD68","VD","M"
"VD69","VD","S"
"VD70","VD","M"
"VD71","VD","M"
"VD72","VD","S"
"VD73","VD","M"
"VD74","VD","M"
"VD75","VD","M"
"VD76","VD","S"
"VD77","VD","M"
"VD78","VD","M"
"VD79","VD","M"
"VD80","VD","M"
"VD81","VD","M"
"VD82","VD","M"
"VD83","VD","M"
"VD84","VD","M"
"VD85","VD","M"
"VD86","VD","M"
"AD01","AD","M"
"AD02","AD","L"
"AD03","AD","L"
"AD04","AD","M"
"AD05","AD","L"
"AD06","AD","L"
"AD07","AD","L"
"AD08","AD","L"
"AD09","AD","S"
"AD10","AD","L"
"AD11","AD","M"
"AD12","AD","L"
"AD13","AD","L"
"AD14","AD","M"
"AD15","AD","M"
"AD16","AD","M"
"AD17","AD","S"
"AD18","AD","M"
"AD19","AD","M"
"AD20","AD","L"
"AD21","AD","M"
"AD22","AD","M"
"AD23","AD","L"
"AD24","AD","M"
"AD25","AD","L"
"AD26","AD","L"
"AD27","AD","M"
"AD28","AD","M"
"AD29","AD","M"
"AD30","AD","M"
"AD31","AD","M"
"AD32","AD","S"
"AD33","AD","S"
"AD34","AD","L"
"AD35","AD","M"
"AD36","AD","S"
"AD37","AD","S"
"AD38","AD","S"
"AD39","AD","M"
"AD40","AD","M"
"AD41","AD","M"
"AD42","AD","M"
"AD43","AD","M"
"AD44","AD","S"
"AD45","AD","M"
"AL01","AL","M"
"AL02","AL","M"
"AL03","AL","M"
"AL04","AL","M"
"AL05","AL","S"
"AL06","AL","S"
"AL07","AL","S"
"AL08","AL","M"
"AL09","AL","M"
"AL10","AL","M"
"AL11","AL","M"
"AL12","AL","M"
"AL13","AL","S"
"AL14","AL","M"
"AL15","AL","M"
"AL16","AL","M"
"AL17","AL","S"
"AL18","AL","S"
"AL19","AL","S"
"AL20","AL","M"
"AL21","AL","M"
"AL22","AL","M"
